auction_date,security_id,maturity_date,settlement_date,years_to_maturity,maturity_bucket,amount_offered_min,amount_offered_max,bid_amount,amount_served,bid_to_cover,outstanding_notional,total_amount_issued,Vix_euro,auction_yield,weighted_average_price,benchmark_yield,auction_premium,auction_premium_bp,shock_outstanding,shock_mean_scaled,shock_zscore,shock_log_dev,shock_rolling,log_total_amount_issued,log_outstanding_notional,year,month,auction_type,maturity_year,class_bucket_raw
9/20/2007,FR0000188328,12/31/2012,9/25/2007,5.281314168,medium,3000,3500,6955,1515,4.59,0,1515,22.1601,4.19,1.0329,4.16276025,0.02723975,2.723974999,,0.514701062,-1.034557402,-0.550854225,,7.323170718,,2007,9,adju_MT,2012,Medium
3/6/2008,FR0010216481,12/31/2015,3/11/2008,7.819301848,medium,5000,5500,3035,2535,1.2,80,2615,30.6213,3.84,0.9453,3.986518702,-0.146518702,-14.65187019,32.6875,0.888411403,-0.237883909,-0.005005566,,7.869019376,4.382026635,2008,3,adju_LT,2015,Benchmark
4/30/2008,FR0010112052,12/31/2014,5/6/2008,6.669404517,medium,5000,5500,4600,1780,2.58,0,1780,20.8781,4.13,0.9927,3.945552758,0.184447242,18.44472422,,0.60473128,-0.842631515,-0.3896563,-0.096446701,7.484368643,,2008,4,adju_LT,2014,Medium
9/4/2008,FR0010163543,12/31/2015,9/9/2008,7.321013005,medium,5200,5700,2795,1195,2.34,138,1333,24.9709,4.21,0.9597,4.288427042,-0.078427042,-7.842704243,9.65942029,0.452868987,-1.166370652,-0.678837623,-0.26384095,7.19518732,4.927253685,2008,9,adju_LT,2015,Benchmark
9/18/2008,FR0000188989,12/31/2013,9/23/2008,5.284052019,medium,5000,5500,1340,690,1.94,0,690,37.5541,4.05,0.9979,3.915281441,0.134718559,13.47185595,,0.234418305,-1.632062521,-1.337333345,-0.565107778,6.536691598,,2008,9,adju_MT,2013,Medium
10/2/2008,FR0010112052,12/31/2014,10/7/2008,6.245037645,medium,5000,5500,2365,1030,2.3,153,1183,42.9811,4.16,0.9913,3.83996561,0.32003439,32.003439,7.732026144,0.401908486,-1.275007947,-0.798216079,-0.221369022,7.075808864,5.030437921,2008,10,adju_LT,2014,Medium
11/6/2008,FR0010061242,12/31/2014,11/12/2008,6.149212868,medium,4500,6000,2900,1215,2.39,0,1215,60.7084,3.52,1.0233,3.439825442,0.080174558,8.017455828,,0.412780059,-1.251831991,-0.771525587,-0.176749589,7.102499356,,2008,11,adju_LT,2014,Medium
11/20/2008,FR0010011130,12/31/2013,11/25/2008,5.11156742,medium,5000,6000,3443,1343,2.56,35,1378,72.8475,3.05,1.0428,3.098489307,-0.048489307,-4.848930738,39.37142857,0.468157137,-1.133779464,-0.645636491,-0.058502007,7.228388452,3.555348061,2008,11,adju_MT,2013,Medium
3/5/2009,FR0010216481,12/31/2015,3/10/2009,6.822724162,medium,6000,7000,4570,2710,1.69,0,2710,47.161,3.06,0.9966,2.677100801,0.382899199,38.28991989,,0.920686387,-0.16908029,0.030678971,0.691518136,7.904703914,,2009,3,adju_LT,2015,Medium
4/2/2009,FR0010112052,12/31/2014,4/7/2009,5.746748802,medium,6500,8000,4515,1585,2.85,0,1585,42.0951,2.78,1.0616,2.755843541,0.024156459,2.415645851,,0.538482629,-0.983859998,-0.505685257,-0.009622594,7.368339686,,2009,4,adju_LT,2014,Medium
5/7/2009,FR0010517417,12/31/2017,5/12/2009,8.651608487,medium,6500,8000,3330,1750,1.9,0,1750,38.0156,3.5,1.0541,3.788157694,-0.288157694,-28.8157694,,0.59453918,-0.864358974,-0.406653876,0.084262701,7.467371067,,2009,5,adju_LT,2017,Benchmark
6/4/2009,FR0010216481,12/31/2015,6/9/2009,6.57357974,medium,6000,7000,4065,2265,1.79,0,2265,31.5158,3.26,0.9851,2.97556591,0.28443409,28.44340902,,0.769503567,-0.49137093,-0.148694905,0.357710175,7.725330038,,2009,6,adju_LT,2015,Medium
7/2/2009,FR0010288357,12/31/2016,7/7/2009,7.498973306,medium,6000,7000,3340,1315,2.54,204,1519,31.7683,3.17,1.0047,3.779360372,-0.609360372,-60.9360372,7.446078431,0.516060008,-1.031660407,-0.54821744,-0.089646906,7.325807503,5.318119994,2009,7,adju_LT,2016,Benchmark
9/3/2009,FR0010216481,12/31/2015,9/8/2009,6.324435318,medium,6500,7500,4890,2265,2.16,0,2265,30.3085,2.84,1.0089,2.633361954,0.206638046,20.66380455,,0.769503567,-0.49137093,-0.148694905,0.38158898,7.725330038,,2009,9,adju_LT,2015,Medium
10/1/2009,FR0000187361,12/31/2016,10/6/2009,7.249828884,medium,7000,8000,3695,1710,2.16,38,1748,29.224,3.07,1.1209,3.539884776,-0.469884776,-46.98847761,46,0.593859707,-0.865807471,-0.407797387,0.067970063,7.466227556,3.63758616,2009,10,adju_LT,2016,Benchmark
10/15/2009,FR0010061242,12/31/2014,10/20/2009,5.210130048,medium,6500,8000,3785,1080,3.5,0,1080,24.7769,2.54,1.0616,2.639819902,-0.099819902,-9.981990185,,0.366915608,-1.349605556,-0.889308623,-0.331545286,6.98471632,,2009,10,adju_MT,2014,Medium
11/5/2009,FR0010288357,12/31/2016,11/10/2009,7.154004107,medium,6500,8000,3620,2145,1.69,98,2243,28.267,2.97,1.0163,3.616990821,-0.646990821,-64.69908207,22.8877551,0.76202936,-0.5073044,-0.158455408,0.285325438,7.715569535,4.584967479,2009,11,adju_LT,2016,Benchmark
11/5/2009,FR0010415331,12/31/2017,11/10/2009,8.153319644,medium,6500,8000,2550,900,2.83,0,900,28.267,3.18,1.0373,3.616990821,-0.436990821,-43.69908207,,0.305763007,-1.479970309,-1.07163018,-0.477200116,6.802394763,,2009,11,adju_LT,2017,Benchmark
12/3/2009,FR0010216481,12/31/2015,12/8/2009,6.075290897,medium,4500,5500,3065,810,3.78,0,810,26.1293,2.73,1.0145,2.47332041,0.25667959,25.66795904,,0.275186706,-1.545152686,-1.176990695,-0.520071101,6.697034248,,2009,12,adju_MLT,2015,Medium
1/7/2010,FR0010604983,12/31/2018,1/12/2010,8.980150582,medium,7500,9000,4010,1250,3.21,1,1251,22.6947,3.34,1.0469,3.595272451,-0.255272451,-25.52724513,1251,0.42501058,-1.22575904,-0.742326432,-0.254099175,7.13169851,0,2010,1,adju_LT,2018,Benchmark
2/4/2010,FR0000187361,12/31/2016,2/9/2010,6.904859685,medium,7000,8000,3300,1450,2.28,0,1450,29.2653,2.9,1.1262,2.430594071,0.469405929,46.94059285,,0.492618178,-1.081633563,-0.594706108,-0.077705926,7.279318835,,2010,2,adju_LT,2016,Medium
4/1/2010,FR0010216481,12/31/2015,4/7/2010,5.749486653,medium,7000,8500,3800,1575,2.41,0,1575,19.9987,2.47,1.027,2.253043464,0.216956536,21.6956536,,0.535085262,-0.991102484,-0.512014392,0.002333475,7.362010551,,2010,4,adju_LT,2015,Medium
6/3/2010,FR0010415331,12/31/2017,6/8/2010,7.578370979,medium,7500,8500,3480,1375,2.53,110,1485,33.3359,2.47,1.0801,2.971313843,-0.501313843,-50.13138428,13.5,0.504508961,-1.056284861,-0.570854892,-0.04147168,7.303170051,4.700480366,2010,6,adju_LT,2017,Benchmark
7/1/2010,FR0010670737,12/31/2018,7/6/2010,8.501026694,medium,6500,7500,4440,1340,3.31,11,1351,36.2527,2.76,1.1094,2.895102852,-0.135102852,-13.51028518,122.8181818,0.458984247,-1.153334177,-0.665424605,-0.082876054,7.208600338,2.397895273,2010,7,adju_LT,2018,Benchmark
9/2/2010,FR0010288357,12/31/2016,9/7/2010,6.32991102,medium,7500,9000,3455,685,5.04,0,685,25.9121,1.78,1.0778,1.536279243,0.243720757,24.37207568,,0.232719622,-1.635683764,-1.344606105,-0.511963427,6.529418838,,2010,9,adju_LT,2016,Medium
12/2/2010,FR0010415331,12/31/2017,12/7/2010,7.080082136,medium,4500,5500,6760,2535,2.67,530,3065,25.3572,2.62,1.0653,3.089395165,-0.469395165,-46.93951653,5.783018868,1.041292907,0.088027974,0.153777905,1.084679476,8.027802848,6.272877007,2010,12,adju_MLT,2017,Benchmark
12/2/2010,FR0010670737,12/31/2018,12/7/2010,8.079397673,medium,4500,5500,5215,1030,5.06,32,1062,25.3572,2.92,1.0927,3.089395165,-0.169395165,-16.93951653,33.1875,0.360800348,-1.362642031,-0.906115741,-0.248451967,6.967909202,3.465735903,2010,12,adju_MLT,2018,Benchmark
2/3/2011,FR0010288357,12/31/2016,2/8/2011,5.908281999,medium,7500,8500,5835,1080,5.4,323,1403,22.0919,2.76,1.0235,2.518781669,0.241218331,24.12183308,4.343653251,0.476650554,-1.115673248,-0.627656863,-0.025694444,7.24636808,5.777652323,2011,2,adju_LT,2016,Medium
3/3/2011,FR0010517417,12/31/2017,3/8/2011,6.830937714,medium,8000,9000,4575,2115,2.16,0,2115,23.9314,3.08,1.069,2.713864569,0.366135431,36.61354306,,0.718543066,-0.600008224,-0.217214851,0.479710821,7.656810091,,2011,3,adju_LT,2017,Medium
3/3/2011,FR0010670737,12/31/2018,3/8/2011,7.830253251,medium,8000,9000,3870,1475,2.62,0,1475,23.9314,3.27,1.0653,3.510983785,-0.240983785,-24.09837847,,0.501111595,-1.063527347,-0.577611674,-0.0015231,7.296413269,,2011,3,adju_LT,2018,Benchmark
5/5/2011,FR0010776161,12/31/2019,5/10/2011,8.657084189,medium,8000,9500,5860,2810,2.09,134,2944,22.5461,3.51,1.0169,3.458142546,0.051857454,5.185745415,21.97014925,1.000184769,0.00039389,0.113499537,0.778762399,7.98752448,4.8978398,2011,5,adju_LT,2019,Benchmark
5/19/2011,FR0010288357,12/31/2016,5/24/2011,5.620807666,medium,7000,8500,5755,1280,4.5,390,1670,21.0276,2.8,1.0205,2.685122994,0.114877006,11.48770058,4.282051282,0.567360246,-0.922298864,-0.453446038,-0.01183432,7.420578905,5.966146739,2011,5,adju_MT,2016,Medium
6/1/2011,FR0010604983,12/31/2018,6/7/2011,7.58384668,medium,7500,8500,4575,1550,2.95,0,1550,20.9271,3.02,1.0598,3.245449734,-0.225449734,-22.54497339,,0.526591845,-1.0092087,-0.528014733,-0.08734053,7.34601021,,2011,6,adju_LT,2018,Benchmark
7/7/2011,FR0010854182,12/31/2020,7/12/2011,9.486652977,medium,7000,8500,6235,2460,2.53,93,2553,20.5946,3.29,1.0161,3.295674573,-0.005674573,-0.567457346,27.4516129,0.867347729,-0.282787325,-0.029000526,0.43440397,7.845024417,4.532599493,2011,7,adju_LT,2020,Benchmark
9/1/2011,FR0000187361,12/31/2016,9/6/2011,5.333333333,medium,6500,8000,6410,3565,1.8,4,3569,36.5683,1.93,1.1489,1.699219942,0.230780058,23.07800581,892.25,1.21252019,0.453049283,0.306015781,0.82697722,8.180040723,1.386294361,2011,9,adju_LT,2016,Medium
10/6/2011,FR0010415331,12/31/2017,10/11/2011,6.236824093,medium,6500,7500,4390,1685,2.61,0,1685,42.6277,2,1.0908,1.539713717,0.460286283,46.02862832,,0.572456296,-0.911435135,-0.4445041,-0.149562584,7.429520843,,2011,10,adju_LT,2017,Medium
10/6/2011,FR0010604983,12/31/2018,10/11/2011,7.23613963,medium,6500,7500,3840,1425,2.69,0,1425,42.6277,2.19,1.1089,2.431673173,-0.241673173,-24.16731735,,0.484124761,-1.099739779,-0.61209785,-0.302496329,7.261927093,,2011,10,adju_LT,2018,Benchmark
11/3/2011,FR0010415331,12/31/2017,11/8/2011,6.160164271,medium,6000,7000,5345,3110,1.72,0,3110,40.054,2.34,1.0713,1.583663111,0.756336889,75.63368886,,1.056581057,0.120619162,0.168353062,0.519482106,8.042378005,,2011,11,adju_LT,2017,Medium
12/1/2011,FR0010517417,12/31/2017,12/6/2011,6.083504449,medium,3000,4500,2620,595,4.4,0,595,36.5396,2.42,1.0995,1.819691554,0.600308446,60.03084456,,0.202143321,-1.700866141,-1.485463537,-0.703660662,6.388561406,,2011,12,adju_MLT,2017,Medium
2/2/2012,FR0010670737,12/31/2018,2/7/2012,6.910335387,medium,6500,8000,4386,1011,4.34,75,1086,24.5624,2.44,1.1106,1.382751828,1.057248172,105.7248172,14.48,0.368954028,-1.345260064,-0.883768442,-0.451907305,6.9902565,4.317488114,2012,2,adju_LT,2018,Medium
2/2/2012,FR0010949651,12/31/2020,2/7/2012,8.911704312,medium,6500,8000,4998,1253,3.99,377,1630,24.5624,2.91,0.969,2.526671526,0.383328474,38.33284744,4.323607427,0.553770779,-0.95126881,-0.477689649,-0.160226687,7.396335294,5.932245187,2012,2,adju_LT,2020,Benchmark
3/1/2012,FR0010517417,12/31/2017,3/6/2012,5.834360027,medium,7000,8000,3395,825,4.12,233,1058,22.8624,1.91,1.124,1.360338959,0.549661041,54.96610408,4.540772532,0.359441401,-1.365539026,-0.909889331,-0.444983607,6.964135612,5.451038454,2012,3,adju_LT,2017,Medium
3/1/2012,FR0010776161,12/31/2019,3/6/2012,7.832991102,medium,7000,8000,3425,1250,2.74,343,1593,22.8624,2.48,1.0873,2.466156527,0.013843473,1.384347292,4.644314869,0.541200522,-0.978066009,-0.500650633,-0.111875116,7.37337431,5.837730447,2012,3,adju_LT,2019,Benchmark
4/5/2012,FR0010517417,12/31/2017,4/11/2012,5.73853525,medium,7000,8500,4280,1310,3.27,0,1310,25.5879,1.96,1.1191,1.324351761,0.635648239,63.56482387,,0.445055043,-1.183028371,-0.696242527,-0.257229257,7.177782416,,2012,4,adju_LT,2017,Medium
5/3/2012,FR0010517417,12/31/2017,5/9/2012,5.661875428,medium,6500,7500,3870,1085,3.57,1,1086,27.6802,1.89,1.1211,1.204230289,0.685769711,68.57697114,1086,0.368954028,-1.345260064,-0.883768442,-0.370434783,6.9902565,0,2012,5,adju_LT,2017,Medium
6/7/2012,FR0000189151,12/31/2019,6/12/2012,7.564681725,medium,7000,8000,4085,1710,2.39,0,1710,31.4338,1.92,1.1488,2.013197134,-0.093197134,-9.319713371,,0.580949713,-0.893328919,-0.429776293,0.033388729,7.444248649,,2012,6,adju_LT,2019,Benchmark
7/5/2012,FR0010776161,12/31/2019,7/10/2012,7.488021903,medium,7000,8000,6350,1750,3.63,125,1875,24.4531,2.02,1.116,2.031780342,-0.011780342,-1.178034239,15,0.637006264,-0.773827895,-0.337661005,0.23878214,7.536363938,4.828313737,2012,7,adju_LT,2019,Benchmark
9/6/2012,FR0010517417,12/31/2017,9/11/2012,5.316906229,medium,7000,8000,4180,1534,2.72,213,1747,23.1125,1.05,1.1584,0.803777089,0.246222911,24.62229115,8.201877934,0.59351997,-0.86653172,-0.408369633,0.150288066,7.46565531,5.361292166,2012,9,adju_LT,2017,Medium
10/4/2012,FR0010670737,12/31/2018,10/9/2012,6.239561944,medium,7000,8000,5280,1381,3.82,86,1467,21.9957,1.29,1.171,0.771195806,0.518804194,51.88041937,17.05813953,0.498393701,-1.069321336,-0.583050165,-0.036294958,7.290974778,4.454347296,2012,10,adju_LT,2018,Medium
10/31/2012,FR0000189151,12/31/2019,11/6/2012,7.16495551,medium,6500,7500,4415,1485,2.97,281,1766,22.2123,1.39,1.1755,1.878970893,-0.488970893,-48.89708927,6.284697509,0.599974967,-0.852770996,-0.397552562,0.252260238,7.476472381,5.638354669,2012,10,adju_LT,2019,Benchmark
12/6/2012,FR0010670737,12/31/2018,12/11/2012,6.067077344,medium,3000,4000,4650,1375,3.38,94,1469,16.9937,1.01,1.1838,0.607799419,0.402200581,40.22005814,15.62765957,0.499073175,-1.067872839,-0.581687767,-0.009495982,7.292337176,4.543294782,2012,12,adju_MLT,2018,Medium
12/6/2012,FR0010776161,12/31/2019,12/11/2012,7.066392882,medium,3000,4000,4700,1695,2.77,455,2150,16.9937,1.27,1.1618,1.694979761,-0.424979761,-42.49797614,4.725274725,0.73043385,-0.574659522,-0.200801822,0.36790202,7.673223121,6.120297419,2012,12,adju_MLT,2019,Benchmark
1/3/2013,FR0010776161,12/31/2019,1/8/2013,6.98973306,medium,7000,8000,3490,1630,2.14,0,1630,17.54,1.32,1.1569,0.703487516,0.616512484,61.65124837,,0.553770779,-0.95126881,-0.477689649,0.037060601,7.396335294,,2013,1,adju_LT,2019,Medium
1/3/2013,FR0010854182,12/31/2020,1/8/2013,7.991786448,medium,7000,8000,3310,1668,1.98,0,1668,17.54,1.46,1.1403,1.811361116,-0.351361116,-35.13611158,,0.566680773,-0.923747362,-0.45464436,0.027990345,7.419380583,,2013,1,adju_LT,2020,Benchmark
1/17/2013,FR0011394345,12/31/2018,1/22/2013,5.952087611,medium,7000,8000,7700,4045,1.9,0,4045,15.9134,1.06,0.9971,0.848316093,0.211683907,21.16839073,,1.374234847,0.797791631,0.431211887,1.214113032,8.305236829,,2013,1,adju_MT,2018,Medium
2/7/2013,FR0010949651,12/31/2020,2/12/2013,7.89596167,medium,7000,8000,6440,1770,3.64,441,2211,20.7955,1.83,1.0479,1.916775481,-0.086775481,-8.677548135,5.013605442,0.751157787,-0.530480356,-0.172824762,0.162460568,7.701200181,6.089044875,2013,2,adju_LT,2020,Benchmark
2/21/2013,FR0011394345,12/31/2018,2/26/2013,5.856262834,medium,7000,8000,8660,4340,2,1259,5599,21.5133,1.12,0.9938,0.864056354,0.255943646,25.59436461,4.447180302,1.902185639,1.923274001,0.756318346,1.45776786,8.630343289,7.138073034,2013,2,adju_MT,2018,Medium
3/7/2013,FR0010670737,12/31/2018,3/12/2013,5.817932923,medium,6500,7500,5734,2354,2.44,114,2468,18.7353,1.02,1.1754,0.745398601,0.274601399,27.46013987,21.64912281,0.838470112,-0.344348458,-0.062861558,0.054137747,7.811163385,4.736198448,2013,3,adju_LT,2018,Medium
3/21/2013,FR0011394345,12/31/2018,3/26/2013,5.779603012,medium,7000,8000,7605,2990,2.54,0,2990,19.7897,0.89,1.0054,0.658752274,0.231247726,23.12477265,,1.015812656,0.033709327,0.129003723,0.228346457,8.003028666,,2013,3,adju_MT,2018,Medium
4/4/2013,FR0010192997,12/31/2021,4/9/2013,8.741957563,medium,6000,7000,7409,2470,3,620,3090,21.0977,1.54,1.1661,1.63787619,-0.09787619,-9.787618965,4.983870968,1.049786324,0.10613419,0.161901427,0.167726901,8.03592637,6.429719478,2013,4,adju_LT,2021,Benchmark
4/4/2013,FR0010854182,12/31/2020,4/9/2013,7.742642026,medium,6000,7000,7145,2495,2.86,173,2668,21.0977,1.26,1.1499,1.63787619,-0.37787619,-37.78761896,15.42196532,0.906417447,-0.199498732,0.015059464,0.062560154,7.889084407,5.153291594,2013,4,adju_LT,2020,Benchmark
4/18/2013,FR0011394345,12/31/2018,4/23/2013,5.70294319,medium,7000,8000,8003,3577,2.24,0,3577,21.949,0.73,1.0137,0.568879903,0.161120097,16.11200966,,1.215238084,0.458843272,0.308254796,0.278832117,8.182279739,,2013,4,adju_MT,2018,Medium
5/2/2013,FR0011059088,12/31/2021,5/7/2013,8.665297741,medium,7000,8000,7290,2920,2.5,0,2920,18.7486,1.42,1.1446,1.492792559,-0.072792559,-7.279255855,,0.992031089,-0.016988078,0.105313952,0.000685401,7.979338895,,2013,5,adju_LT,2021,Benchmark
5/16/2013,FR0011394345,12/31/2018,5/21/2013,5.626283368,medium,7000,8000,7120,3650,1.95,1103,4753,16.2609,0.74,1.013,0.579861593,0.160138407,16.01384072,4.309156845,1.614768413,1.31055966,0.592506334,0.516148755,8.466531277,7.005789019,2013,5,adju_MT,2018,Medium
6/6/2013,FR0010854182,12/31/2020,6/11/2013,7.570157426,medium,7000,8000,4045,1825,2.22,0,1825,22.1956,1.3,1.1439,1.829414528,-0.529414528,-52.94145282,,0.620019431,-0.810040327,-0.364689677,-0.420849421,7.509335266,,2013,6,adju_LT,2020,Benchmark
6/20/2013,FR0011523257,12/31/2018,6/25/2013,5.53045859,medium,6500,7500,5910,4135,1.43,0,4135,23.6094,1.24,0.9872,0.990684219,0.249315781,24.9315781,,1.404811148,0.862974007,0.453217665,0.23184628,8.327242607,,2013,6,adju_MT,2018,Medium
7/18/2013,FR0011523257,12/31/2018,7/23/2013,5.453798768,medium,7000,8000,9860,4120,2.39,635,4755,17.6938,1.09,0.9954,0.723768837,0.366231163,36.6231163,7.488188976,1.615447886,1.312008158,0.592927032,0.392012881,8.466951975,6.453624999,2013,7,adju_MT,2018,Medium
9/5/2013,FR0011059088,12/31/2021,9/10/2013,8.320328542,medium,7500,8500,5060,2485,2.04,52,2537,21.5095,2.17,1.0799,2.25570479,-0.08570479,-8.570479007,48.78846154,0.861911943,-0.294375303,-0.035287383,-0.263160442,7.83873756,3.951243719,2013,9,adju_LT,2021,Benchmark
9/19/2013,FR0011523257,12/31/2018,9/24/2013,5.281314168,medium,6500,7500,5095,3050,1.67,0,3050,16.8696,1.23,0.9885,1.01573085,0.21426915,21.42691499,,1.036196857,0.077164244,0.148871927,-0.05592241,8.02289687,,2013,9,adju_MT,2018,Medium
10/17/2013,FR0011523257,12/31/2018,10/22/2013,5.204654346,medium,6000,7000,7135,4080,1.75,1197,5277,16.8333,1.24,0.988,0.989871395,0.250128605,25.01286051,4.408521303,1.79279043,1.690065942,0.69708809,0.523053611,8.571113033,7.087573706,2013,10,adju_MT,2018,Medium
11/21/2013,FR0011523257,12/31/2018,11/26/2013,5.108829569,medium,5500,6500,7170,3025,2.37,553,3578,15.082,1.02,0.9992,0.845548412,0.174451588,17.44515876,6.470162749,1.215577821,0.459567521,0.308534321,0.018285308,8.182559264,6.315358002,2013,11,adju_MT,2018,Medium
12/5/2013,FR0010604983,12/31/2018,12/10/2013,5.070499658,medium,3000,4000,3605,1320,2.73,0,1320,18.378,0.83,1.1355,0.937615249,-0.107615249,-10.76152485,,0.44845241,-1.175785885,-0.688637927,-0.611926403,7.185387016,,2013,12,adju_MLT,2018,Medium
12/5/2013,FR0011059088,12/31/2021,12/10/2013,8.07118412,medium,3000,4000,3180,1335,2.38,0,1335,18.378,1.77,1.1075,2.037753039,-0.267753039,-26.77530394,,0.45354846,-1.164922155,-0.677338372,-0.58988275,7.196686571,,2013,12,adju_MLT,2021,Benchmark
1/9/2014,FR0010949651,12/31/2020,1/13/2014,6.976043806,medium,7500,8500,4421,1475,3,370,1845,17.3584,1.67,1.0526,1.025986944,0.644013056,64.40130562,4.986486486,0.626814164,-0.795555354,-0.353790386,-0.406911331,7.520234556,5.913503006,2014,1,adju_LT,2020,Medium
1/23/2014,FR0011708080,12/31/2019,1/28/2014,5.935660507,medium,7000,8000,7330,3820,1.92,773,4593,17.5122,1.24,0.9876,0.885832589,0.354167411,35.41674113,5.941785252,1.560410545,1.19467988,0.558263741,0.413122068,8.432288684,6.650279049,2014,1,adju_MT,2019,Medium
2/20/2014,FR0011708080,12/31/2019,2/25/2014,5.859000684,medium,7000,8000,7970,4010,1.99,0,4010,17.7721,1.06,0.997,0.784150805,0.275849195,27.58491952,,1.362344064,0.772442929,0.422521577,0.257710403,8.29654652,,2014,2,adju_MT,2019,Medium
3/6/2014,FR0011337880,12/31/2022,3/11/2014,8.821355236,medium,7000,8000,4625,1280,3.61,0,1280,17.8166,1.86,1.0304,1.827672862,0.032327138,3.232713783,,0.434862943,-1.20475583,-0.719409586,-0.592734986,7.154615357,,2014,3,adju_LT,2022,Benchmark
3/20/2014,FR0011708080,12/31/2019,3/25/2014,5.782340862,medium,7000,8000,7160,3705,1.93,1122,4827,18.1292,1.06,0.9968,0.822770362,0.237229638,23.72296378,4.302139037,1.639908927,1.364154059,0.607955493,0.508162575,8.481980436,7.022868086,2014,3,adju_MT,2019,Medium
4/3/2014,FR0010192997,12/31/2021,4/8/2014,7.745379877,medium,6500,7500,4615,1549,2.98,0,1549,16.3742,1.46,1.1525,1.793747894,-0.333747894,-33.37478937,,0.526252108,-1.009932949,-0.528660103,-0.47194682,7.34536484,,2014,4,adju_LT,2021,Benchmark
4/17/2014,FR0011708080,12/31/2019,4/23/2014,5.70568104,medium,7000,8000,7595,3570,2.13,0,3570,16.9939,0.86,1.0069,0.713595497,0.146404503,14.64045032,,1.212859927,0.453773532,0.306295932,0.182314953,8.180320875,,2014,4,adju_MT,2019,Medium
5/15/2014,FR0011708080,12/31/2019,5/20/2014,5.629021218,medium,7000,8000,8905,4545,1.96,0,4545,17.4465,0.68,1.0156,0.545044095,0.134955905,13.49559053,,1.544103185,1.159915945,0.547758064,0.445572371,8.421783007,,2014,5,adju_MT,2019,Medium
6/5/2014,FR0011196856,12/31/2022,6/10/2014,8.572210815,medium,7500,8500,4150,968,4.29,0,968,14.6235,1.38,1.1198,1.579418191,-0.199418191,-19.94181908,,0.328865101,-1.430721402,-0.998792856,-0.652423698,6.875232087,,2014,6,adju_LT,2022,Benchmark
6/19/2014,FR0011993179,12/31/2019,6/24/2014,5.533196441,medium,7000,8000,8400,4195,2,201,4396,12.713,0.69,0.9902,0.478766991,0.211233009,21.12330088,21.87064677,1.49348242,1.0520029,0.514425373,0.540744202,8.388450316,5.303304908,2014,6,adju_MT,2019,Medium
7/17/2014,FR0011993179,12/31/2019,7/22/2014,5.456536619,medium,7500,8500,6640,3940,1.69,0,3940,17.6468,0.55,0.9973,0.405759198,0.144240802,14.42408025,,1.338562497,0.721745525,0.404911059,0.282760866,8.278936002,,2014,7,adju_MT,2019,Medium
9/18/2014,FR0011708080,12/31/2019,9/23/2014,5.284052019,medium,7000,8000,3915,1265,3.09,285,1550,16.6266,0.3,1.0325,0.329900939,-0.029900939,-2.99009392,5.438596491,0.526591845,-1.0092087,-0.528014733,-0.498287163,7.34601021,5.65248918,2014,9,adju_MT,2019,Medium
9/18/2014,FR0011993179,12/31/2019,9/23/2014,5.284052019,medium,7000,8000,6425,4030,1.59,1015,5045,16.6266,0.39,1.0055,0.329900939,0.060099061,6.00990608,4.97044335,1.713971522,1.52204026,0.65212799,0.503240384,8.526152933,6.922643891,2014,9,adju_MT,2019,Medium
10/2/2014,FR0011486067,12/31/2023,10/7/2014,9.245722108,medium,7000,8000,4226,1611,2.62,0,1611,21.0788,0.94,1.0669,1.010472808,-0.070472808,-7.047280767,,0.547315782,-0.965029533,-0.48941456,-0.481590732,7.384610383,,2014,10,adju_LT,2023,Benchmark
10/16/2014,FR0011993179,12/31/2019,10/20/2014,5.207392197,medium,6500,7500,5430,2885,1.88,0,2885,31.5233,0.34,1.0082,0.220390736,0.119609264,11.96092642,,0.980140305,-0.04233678,0.093255236,-0.042747332,7.967280179,,2014,10,adju_MT,2019,Medium
11/20/2014,FR0011993179,12/31/2019,11/24/2014,5.11156742,medium,6500,7500,5271,2520,2.09,766,3286,19.9065,0.3,1.0099,0.224686159,0.075313841,7.531384125,4.289817232,1.116374712,0.248086921,0.223401356,0.033008488,8.097426299,6.64118217,2014,11,adju_MT,2019,Medium
12/4/2014,FR0011486067,12/31/2023,12/8/2014,9.073237509,medium,3000,4000,4630,2075,2.23,0,2075,18.1098,0.76,1.0808,0.837997535,-0.077997535,-7.799753465,,0.704953599,-0.628978169,-0.23630851,-0.29700734,7.637716433,,2014,12,adju_MLT,2023,Benchmark
1/22/2015,FR0011059088,12/31/2021,1/26/2015,6.940451745,medium,7500,8500,4255,1575,2.7,482,2057,22.9441,0.32,1.195,0.036983154,0.283016846,28.30168456,4.267634855,0.698838339,-0.642014645,-0.245021053,-0.312959252,7.62900389,6.177944114,2015,1,adju_MT,2021,Medium
2/19/2015,FR0012557957,12/31/2020,2/23/2015,5.864476386,medium,7500,8500,6361,4636,1.37,0,4636,23.2086,0.1,0.9946,-0.043733269,0.143733269,14.37332685,,1.575019222,1.225822571,0.567582262,0.503811429,8.441607204,,2015,2,adju_MT,2020,Medium
3/5/2015,FR0010466938,12/31/2023,3/9/2015,8.824093087,medium,7500,8500,5331,2427,2.2,352,2779,18.1841,0.44,1.3215,0.388202046,0.051797954,5.179795381,7.894886364,0.944128218,-0.119107134,0.055821487,-0.05336664,7.92984643,5.863631176,2015,3,adju_LT,2023,Benchmark
3/19/2015,FR0011196856,12/31/2022,3/23/2015,7.786447639,medium,7500,8500,3821,1621,2.36,489,2110,18.9138,0.16,1.1999,0.241918316,-0.081918316,-8.191831626,4.314928425,0.716844383,-0.603629467,-0.219581716,-0.301285943,7.654443226,6.192362489,2015,3,adju_MT,2022,Benchmark
3/19/2015,FR0012557957,12/31/2020,3/23/2015,5.787816564,medium,7500,8500,6961,3370,2.07,894,4264,18.9138,0.04,0.9981,-0.09223074,0.13223074,13.22307405,4.769574944,1.448637179,0.956402081,0.483938023,0.328210985,8.357962966,6.795705775,2015,3,adju_MT,2020,Medium
4/16/2015,FR0012557957,12/31/2020,4/20/2015,5.711156742,medium,7000,8000,5721,3446,1.66,0,3446,20.1086,-0.03,1.0014,-0.139889858,0.109889858,10.98898583,,1.17073258,0.363966702,0.270944474,0.156893465,8.144969417,,2015,4,adju_MT,2020,Medium
5/7/2015,FR0010466938,12/31/2023,5/11/2015,8.651608487,medium,7500,8500,5041,3191,1.58,502,3693,23.7527,0.74,1.2864,0.646152744,0.093847256,9.384725589,7.356573705,1.254647538,0.542856113,0.340169472,0.169688811,8.214194415,6.21860012,2015,5,adju_LT,2023,Benchmark
5/21/2015,FR0010949651,12/31/2020,5/26/2015,5.615331964,medium,7500,8500,3461,1761,1.97,0,1761,19.5296,0.24,1.1215,0.1249576,0.1150424,11.50423997,,0.598276283,-0.856392239,-0.400387834,-0.407303528,7.473637108,,2015,5,adju_MT,2020,Medium
5/21/2015,FR0011059088,12/31/2021,5/26/2015,6.614647502,medium,7500,8500,2821,1361,2.07,0,1361,19.5296,0.38,1.1815,0.1249576,0.2550424,25.50423997,,0.462381614,-1.146091691,-0.65804994,-0.521476707,7.215975003,,2015,5,adju_MT,2021,Medium
5/21/2015,FR0012557957,12/31/2020,5/26/2015,5.615331964,medium,7500,8500,5731,2561,2.24,101,2662,19.5296,0.21,0.9894,0.1249576,0.0850424,8.504239971,26.35643564,0.904379027,-0.203844224,0.012808056,-0.100270392,7.886832999,4.615120517,2015,5,adju_MT,2020,Medium
6/4/2015,FR0011486067,12/31/2023,6/8/2015,8.574948665,medium,8000,9000,3656,1710,2.14,75,1785,24.4495,0.95,1.0607,0.907146401,0.042853599,4.285359891,23.8,0.606429964,-0.839010272,-0.386851249,-0.343528763,7.487173694,4.317488114,2015,6,adju_LT,2023,Benchmark
6/18/2015,FR0012557957,12/31/2020,6/22/2015,5.538672142,medium,7500,8500,5291,3072,1.72,590,3662,28.4283,0.35,0.983,0.22688686,0.12311314,12.31131402,6.206779661,1.244115701,0.520404406,0.331739782,0.284311433,8.205764725,6.380122537,2015,6,adju_MT,2020,Medium
7/16/2015,FR0010192997,12/31/2021,7/20/2015,6.461327858,medium,7000,8000,3476,1375,2.53,421,1796,19.018,0.41,1.1899,0.178999537,0.231000463,23.10004626,4.266033254,0.610167067,-0.831043537,-0.380707694,-0.358914867,7.493317249,6.042632834,2015,7,adju_MT,2021,Medium
7/16/2015,FR0012557957,12/31/2020,7/20/2015,5.46201232,medium,7000,8000,5086,3300,1.54,999,4299,19.018,0.28,0.9865,0.178999537,0.101000463,10.10004626,4.303303303,1.460527963,0.981750783,0.492112774,0.41499808,8.366137716,6.906754779,2015,7,adju_MT,2020,Medium
8/6/2015,FR0010466938,12/31/2023,8/10/2015,8.402464066,medium,4500,5500,3906,1130,3.46,51,1181,18.2603,0.73,1.279,0.778070297,-0.048070297,-4.807029682,23.15686275,0.401229012,-1.276456444,-0.799908127,-0.557401624,7.074116816,3.931825633,2015,8,adju_LT,2023,Benchmark
9/3/2015,FR0011486067,12/31/2023,9/7/2015,8.325804244,medium,7500,8500,3251,940,3.46,287,1227,29.8773,0.76,1.074,0.822723878,-0.062723878,-6.272387754,4.275261324,0.416856899,-1.243141007,-0.761697498,-0.491978056,7.112327445,5.659482216,2015,9,adju_LT,2023,Benchmark
9/17/2015,FR0012968337,12/31/2020,9/21/2015,5.289527721,medium,7000,8000,7904,4078,1.94,808,4886,27.0649,0.31,0.9967,0.152196676,0.157803324,15.78033236,6.047029703,1.659953391,1.406884728,0.620104309,0.846153846,8.494129252,6.694562059,2015,9,adju_MT,2020,Medium
10/15/2015,FR0011196856,12/31/2022,10/19/2015,7.211498973,medium,7000,8000,5305,2585,2.05,0,2585,24.1188,0.32,1.1729,0.638880825,-0.318880825,-31.88808251,,0.878219303,-0.259611368,-0.016544156,0.021066491,7.857480787,,2015,10,adju_MT,2022,Benchmark
10/15/2015,FR0012968337,12/31/2020,10/19/2015,5.212867899,medium,7000,8000,6430,3175,2.03,0,3175,24.1188,0.14,1.0056,0.005598192,0.134401808,13.44018082,,1.078663941,0.167695323,0.189037968,0.209984756,8.063062911,,2015,10,adju_MT,2020,Medium
11/19/2015,FR0011337880,12/31/2022,11/23/2015,7.115674196,medium,7000,8000,3890,1670,2.33,0,1670,23.4423,0.27,1.1354,0.582335363,-0.312335363,-31.23353626,,0.567360246,-0.922298864,-0.453446038,-0.354215004,7.420578905,,2015,11,adju_MT,2022,Benchmark
11/19/2015,FR0012968337,12/31/2020,11/23/2015,5.117043121,medium,7000,8000,6879,3405,2.02,0,3405,23.4423,0.01,1.0121,-0.099407546,0.109407546,10.9407546,,1.156803376,0.334272508,0.258975276,0.312855445,8.133000219,,2015,11,adju_MT,2020,Medium
12/3/2015,FR0011619436,12/31/2024,12/7/2015,9.07871321,medium,3500,4500,5109,2227,2.29,0,2227,22.6526,0.5,1.1445,0.693466388,-0.193466388,-19.34663883,,0.756593574,-0.518892378,-0.165614276,-0.162204527,7.708410667,,2015,12,adju_MLT,2024,Benchmark
1/21/2016,FR0011337880,12/31/2022,1/25/2016,6.943189596,medium,7500,8500,2487,1039,2.39,248,1287,31.7894,0.28,1.1316,-0.158326153,0.438326153,43.83261534,5.189516129,0.4372411,-1.199686089,-0.713955735,-0.508152866,7.160069208,5.513428746,2016,1,adju_MT,2022,Medium
3/3/2016,FR0011486067,12/31/2023,3/7/2016,7.8275154,medium,8000,9000,3660,1509,2.43,0,1509,26.5186,0.13,1.116,0.304427771,-0.174427771,-17.44277706,,0.512662641,-1.038902894,-0.554822484,-0.380859575,7.319202459,,2016,3,adju_LT,2023,Benchmark
3/17/2016,FR0011337880,12/31/2022,3/21/2016,6.789869952,medium,6000,7000,3710,1685,2.2,453,2138,22.7536,0.04,1.1453,-0.255969588,0.295969588,29.59695883,4.719646799,0.72635701,-0.583350506,-0.206398851,-0.052794802,7.667626092,6.115892125,2016,3,adju_MT,2022,Medium
4/21/2016,FR0011196856,12/31/2022,4/25/2016,6.694045175,medium,5500,6500,4615,1890,2.44,0,1890,20.3114,-0.06,1.1842,-0.316890327,0.256890327,25.6890327,,0.642102314,-0.762964166,-0.329692835,-0.246361401,7.544332108,,2016,4,adju_MT,2022,Medium
4/21/2016,FR0013157096,12/31/2021,4/25/2016,5.694729637,medium,5500,6500,7970,4095,1.95,0,4095,20.3114,-0.15,1.0074,-0.316890327,0.166890327,16.6890327,,1.391221681,0.834004062,0.443497053,0.672281776,8.317521996,,2016,4,adju_MT,2021,Medium
5/19/2016,FR0013157096,12/31/2021,5/23/2016,5.618069815,medium,5500,6500,6409,3234,1.98,807,4041,24.3817,-0.15,1.0076,-0.335563524,0.185563524,18.55635242,5.007434944,1.372875901,0.794894636,0.430222522,0.47356266,8.304247465,6.693323668,2016,5,adju_MT,2021,Medium
6/2/2016,FR0011619436,12/31/2024,6/6/2016,8.580424367,medium,8000,9000,4405,2480,1.78,300,2780,23.1068,0.16,1.1651,0.172912295,-0.012912295,-1.291229545,9.266666667,0.944467954,-0.118382886,0.056181264,0.083046555,7.930206207,5.703782475,2016,6,adju_LT,2024,Benchmark
6/16/2016,FR0011486067,12/31/2023,6/20/2016,7.540041068,medium,5000,6000,2170,1370,1.58,0,1370,39.8975,-0.01,1.1218,0.018805309,-0.028805309,-2.88053095,,0.465439244,-1.139573453,-0.651458924,-0.433044798,7.222566019,,2016,6,adju_MT,2023,Benchmark
6/16/2016,FR0013157096,12/31/2021,6/20/2016,5.541409993,medium,5000,6000,5030,2365,2.13,132,2497,39.8975,-0.19,1.0096,-0.439321681,0.249321681,24.93216811,18.91666667,0.848322476,-0.323345248,-0.051179653,0.036493825,7.82284529,4.882801923,2016,6,adju_MT,2021,Medium
7/21/2016,FR0010466938,12/31/2023,7/25/2016,7.44421629,medium,6000,7000,3460,1775,1.95,528,2303,19.4501,-0.14,1.3205,-0.035377547,-0.104622453,-10.4622453,4.361742424,0.782413561,-0.463849482,-0.132057043,-0.067831484,7.7419679,6.269096284,2016,7,adju_MT,2023,Benchmark
7/21/2016,FR0013157096,12/31/2021,7/25/2016,5.445585216,medium,6000,7000,5115,2710,1.89,800,3510,19.4501,-0.33,1.0159,-0.497225179,0.167225179,16.7225179,4.3875,1.192475727,0.410318614,0.289346374,0.451712966,8.163371316,6.684611728,2016,7,adju_MT,2021,Medium
9/15/2016,FR0013157096,12/31/2021,9/19/2016,5.292265572,medium,5000,6000,7725,2845,2.72,625,3470,20.5507,-0.37,1.0177,-0.486946584,0.116946584,11.69465835,5.552,1.17888626,0.381348669,0.27788493,0.348009064,8.151909873,6.43775165,2016,9,adju_MT,2021,Medium
10/20/2016,FR0011196856,12/31/2022,10/24/2016,6.195756331,medium,5000,6000,4800,1990,2.41,98,2088,17.2172,-0.32,1.1846,-0.488358751,0.168358751,16.83587506,21.30612245,0.709370176,-0.619562937,-0.230062994,-0.209365435,7.643961949,4.584967479,2016,10,adju_MT,2022,Medium
10/20/2016,FR0013157096,12/31/2021,10/24/2016,5.196440794,medium,5000,6000,8596,4005,2.15,234,4239,17.2172,-0.38,1.0177,-0.488358751,0.108358751,10.83587506,18.11538462,1.440143762,0.938295865,0.478057728,0.477818773,8.352082671,5.455321115,2016,10,adju_MT,2021,Medium
11/17/2016,FR0010192997,12/31/2021,11/21/2016,5.119780972,medium,4500,5500,4155,1298,3.2,217,1515,19.9481,-0.21,1.1761,-0.296753136,0.086753136,8.675313557,6.98156682,0.514701062,-1.034557402,-0.550854225,-0.462098349,7.323170718,5.379897354,2016,11,adju_MT,2021,Medium
11/17/2016,FR0013219177,12/31/2022,11/21/2016,6.119096509,medium,4500,5500,8466,4197,2.02,34,4231,19.9481,-0.03,1.0015,-0.296753136,0.266753136,26.67531356,124.4411765,1.437425869,0.932501876,0.476168708,0.496198503,8.350193651,3.526360525,2016,11,adju_MT,2022,Medium
1/19/2017,FR0013219177,12/31/2022,1/23/2017,5.94661191,medium,7000,8000,5148,3148,1.64,0,3148,14.8475,-0.04,1.002,-0.362714869,0.322714869,32.27148695,,1.069491051,0.14814061,0.180497667,0.073425779,8.05452261,,2017,1,adju_MT,2022,Medium
2/16/2017,FR0013219177,12/31/2022,2/20/2017,5.869952088,medium,6000,7000,7685,3750,2.05,420,4170,15.3999,0.09,0.9951,-0.389209907,0.479209907,47.92099071,9.928571429,1.416701932,0.888322709,0.461646372,0.416720931,8.335671315,6.040254711,2017,2,adju_MT,2022,Medium
3/16/2017,FR0011337880,12/31/2022,3/20/2017,5.793292266,medium,6000,7000,2095,920,2.28,0,920,11.5181,0.25,1.1111,-0.296904258,0.546904258,54.6904258,,0.31255774,-1.465485336,-1.049651273,-0.677145782,6.82437367,,2017,3,adju_MT,2022,Medium
3/16/2017,FR0013219177,12/31/2022,3/20/2017,5.793292266,medium,6000,7000,4335,2104,2.06,0,2104,11.5181,0.18,0.9908,-0.296904258,0.476904258,47.6904258,,0.714805963,-0.607974959,-0.222429369,-0.271236831,7.651595574,,2017,3,adju_MT,2022,Medium
4/20/2017,FR0013219177,12/31/2022,4/24/2017,5.697467488,medium,4500,5500,4074,2074,1.96,0,2074,24.8992,0.09,0.9955,-0.410174959,0.500174959,50.01749589,,0.704613862,-0.629702418,-0.236790554,-0.263058155,7.637234389,,2017,4,adju_MT,2022,Medium
5/18/2017,FR0013219177,12/31/2022,5/22/2017,5.620807666,medium,6500,7500,6135,3302,1.86,219,3521,17.0825,-0.12,1.006,-0.330476677,0.210476677,21.04766773,16.07762557,1.19621283,0.418285349,0.292475376,0.250688216,8.166500319,5.38907173,2017,5,adju_MT,2022,Medium
6/15/2017,FR0010466938,12/31/2023,6/19/2017,6.543463381,medium,7000,8000,3468,1733,2,0,1733,14.9445,-0.06,1.2744,-0.327838451,0.267838451,26.78384508,,0.588763657,-0.876671201,-0.416415653,-0.373859633,7.45760929,,2017,6,adju_MT,2023,Medium
6/15/2017,FR0011196856,12/31/2022,6/19/2017,5.544147844,medium,7000,8000,3156,1656,1.91,0,1656,14.9445,-0.26,1.1596,-0.327838451,0.067838451,6.783845079,,0.562603933,-0.932438345,-0.461864608,-0.368681895,7.412160335,,2017,6,adju_MT,2022,Medium
6/15/2017,FR0013219177,12/31/2022,6/19/2017,5.544147844,medium,7000,8000,3516,2166,1.62,0,2166,14.9445,-0.22,1.0111,-0.327838451,0.107838451,10.78384508,,0.735869636,-0.563071544,-0.193387515,-0.185433577,7.680637428,,2017,6,adju_MT,2022,Medium
7/20/2017,FR0011337880,12/31/2022,7/24/2017,5.448323066,medium,6500,7500,2838,1128,2.52,345,1473,13.0879,0.01,1.1179,-0.193320656,0.203320656,20.33206564,4.269565217,0.500432121,-1.064975844,-0.578968526,-0.4277204,7.295056416,5.843544417,2017,7,adju_MT,2022,Medium
7/20/2017,FR0013219177,12/31/2022,7/24/2017,5.448323066,medium,6500,7500,5405,2835,1.91,856,3691,13.0879,-0.04,1.002,-0.193320656,0.153320656,15.33206564,4.311915888,1.253968065,0.541407616,0.33962776,0.432054059,8.213652703,6.752270376,2017,7,adju_MT,2022,Medium
8/3/2017,FR0000571150,12/31/2025,8/7/2017,8.410677618,medium,5500,6500,2681,1521,1.76,48,1569,13.7302,0.39,1.4532,0.489534226,-0.099534226,-9.953422608,32.6875,0.533046842,-0.995447976,-0.51583119,-0.332931798,7.358193753,3.871201011,2017,8,adju_LT,2025,Benchmark
9/21/2017,FR0011962398,12/31/2024,9/25/2017,7.277207392,medium,6000,7000,5187,2446,2.12,720,3166,11.1906,0.28,1.1042,0.481335223,-0.201335223,-20.13352225,4.397222222,1.075606311,0.161177085,0.186199298,0.345182877,8.06022424,6.579251212,2017,9,adju_MT,2024,Benchmark
9/21/2017,FR0013283686,12/31/2023,9/25/2017,6.275154004,medium,6000,7000,5850,3550,1.65,788,4338,11.1906,0,1,-0.261084489,0.261084489,26.10844889,5.505076142,1.473777693,1.009996479,0.501143748,0.832248073,8.375168691,6.66949809,2017,9,adju_MT,2023,Medium
10/5/2017,FR0012938116,12/31/2025,10/9/2017,8.238193018,medium,7500,8500,5450,2735,1.99,0,2735,12.087,0.46,1.0432,0.484411024,-0.024411024,-2.441102445,,0.929179804,-0.150974074,0.039861772,0.13008746,7.913886715,,2017,10,adju_LT,2025,Benchmark
10/19/2017,FR0011962398,12/31/2024,10/23/2017,7.20054757,medium,6000,7000,5340,2625,2.03,0,2625,12.4435,0.18,1.1103,0.432894467,-0.252894467,-25.28944669,,0.89180877,-0.230641423,-0.001188768,0.008225843,7.872836175,,2017,10,adju_MT,2024,Benchmark
10/19/2017,FR0013283686,12/31/2023,10/23/2017,6.198494182,medium,6000,7000,5395,2570,2.1,0,2570,12.4435,-0.07,1.0036,-0.303809634,0.233809634,23.3809634,,0.873123253,-0.270475098,-0.022363765,0.004822103,7.851661178,,2017,10,adju_MT,2023,Medium
11/16/2017,FR0012517027,12/31/2025,11/20/2017,8.123203285,medium,4000,5000,3311,1455,2.28,377,1832,15.0291,0.2,1.0221,0.430440117,-0.230440117,-23.04401165,4.859416446,0.622397587,-0.804970586,-0.360861398,-0.285398518,7.513163545,5.932245187,2017,11,adju_MT,2025,Benchmark
11/16/2017,FR0013283686,12/31/2023,11/20/2017,6.12183436,medium,4000,5000,5735,2523,2.27,420,2943,15.0291,-0.13,1.0068,-0.315852969,0.185852969,18.58529691,7.007142857,0.999845032,-0.000330359,0.113159805,0.151671286,7.987184748,6.040254711,2017,11,adju_MT,2023,Medium
12/7/2017,FR0013200813,12/31/2026,12/11/2017,9.065023956,medium,3000,4000,3692,1990,1.86,0,1990,13.4513,0.36,0.9904,0.355341066,0.004658934,0.465893359,,0.676075982,-0.690539303,-0.278135025,-0.219301687,7.595889918,,2017,12,adju_MLT,2026,Benchmark
1/18/2018,FR0011619436,12/31/2024,1/22/2018,6.951403149,medium,6500,7500,3186,1287,2.48,388,1675,11.9883,0.23,1.1267,-0.073332657,0.303332657,30.33326568,4.317010309,0.569058929,-0.918677621,-0.450456499,-0.338707024,7.423568444,5.96100534,2018,1,adju_MT,2024,Medium
1/18/2018,FR0013283686,12/31/2023,1/22/2018,5.94934976,medium,6500,7500,5746,2680,2.14,799,3479,11.9883,0.1,0.9948,-0.073332657,0.173332657,17.33326568,4.354192741,1.18194389,0.387866906,0.280475232,0.288081207,8.154500175,6.683360946,2018,1,adju_MT,2023,Medium
2/15/2018,FR0000571150,12/31/2025,2/19/2018,7.874058864,medium,7000,8000,4166,1523,2.74,462,1985,20.5158,0.57,1.4071,0.798652326,-0.228652326,-22.86523265,4.296536797,0.674377298,-0.694160546,-0.28065075,-0.229300806,7.593374193,6.135564891,2018,2,adju_MT,2025,Benchmark
2/15/2018,FR0013283686,12/31/2023,2/19/2018,5.872689938,medium,7000,8000,7051,3199,2.2,959,4158,20.5158,0.23,0.9884,0.089121827,0.140878173,14.08781725,4.335766423,1.412625092,0.879631726,0.458764525,0.4896107,8.332789468,6.865891075,2018,2,adju_MT,2023,Medium
3/1/2018,FR0013131877,12/31/2026,3/5/2018,8.83504449,medium,7000,8000,3479,1954,1.78,0,1954,20.5673,0.61,0.9913,0.670706686,-0.060706686,-6.070668599,,0.663845462,-0.716612254,-0.29639111,-0.273695948,7.577633833,,2018,3,adju_LT,2026,Benchmark
3/15/2018,FR0012517027,12/31/2025,3/19/2018,7.797399042,medium,6500,7500,5393,1113,4.85,341,1454,15.2246,0.42,1.0058,0.613322018,-0.193322018,-19.3322018,4.263929619,0.493977124,-1.078736568,-0.591951285,-0.392584856,7.282073658,5.831882477,2018,3,adju_MT,2025,Benchmark
3/15/2018,FR0013283686,12/31/2023,3/19/2018,5.796030116,medium,6500,7500,6566,1582,4.15,478,2060,15.2246,0.11,0.9944,-0.039369179,0.149369179,14.9369179,4.309623431,0.699857549,-0.639841899,-0.243563681,-0.176164767,7.630461262,6.169610732,2018,3,adju_MT,2023,Medium
4/19/2018,FR0011962398,12/31/2024,4/23/2018,6.702258727,medium,6000,7000,4668,999,4.67,0,999,13.7415,0.3,1.0948,-0.023061012,0.323061012,32.30610119,,0.339396938,-1.408269695,-0.967270164,-0.558518082,6.906754779,,2018,4,adju_MT,2024,Medium
4/19/2018,FR0013283686,12/31/2023,4/23/2018,5.700205339,medium,6000,7000,6622,3194,2.07,0,3194,13.7415,0.06,0.997,-0.023061012,0.083061012,8.306101188,,1.085118938,0.181456047,0.195004386,0.382534358,8.069029329,,2018,4,adju_MT,2023,Medium
5/3/2018,FR0013131877,12/31/2026,5/7/2018,8.66255989,medium,7500,8500,3911,2071,1.89,323,2394,14.4576,0.53,0.9979,0.593499732,-0.063499732,-6.349973241,7.411764706,0.813329598,-0.397942857,-0.093304057,0.057187017,7.780720886,5.777652323,2018,5,adju_LT,2026,Benchmark
5/17/2018,FR0013283686,12/31/2023,5/21/2018,5.623545517,medium,6500,7500,5921,2446,2.42,673,3119,13.0848,0.1,0.9954,-0.00602252,0.10602252,10.60225196,4.634472511,1.059638687,0.1271374,0.171242774,0.315062717,8.045267717,6.51174533,2018,5,adju_MT,2023,Medium
6/21/2018,FR0013344751,12/31/2024,6/25/2018,6.529774127,medium,7500,8500,8250,4196,1.97,866,5062,16.0901,0.03,0.9985,-0.257177385,0.287177385,28.71773849,5.845265589,1.719747045,1.534352487,0.655491998,0.926362858,8.529516941,6.763884909,2018,6,adju_MT,2024,Medium
7/19/2018,FR0013344751,12/31/2024,7/23/2018,6.453114305,medium,6500,7500,8200,4196,1.95,0,4196,12.8476,0.01,0.9995,-0.258396006,0.268396006,26.83960065,,1.425535085,0.907153174,0.467862027,0.561302326,8.34188697,,2018,7,adju_MT,2024,Medium
9/20/2018,FR0013131877,12/31/2026,9/24/2018,8.27926078,medium,6500,7500,3899,1076,3.62,328,1404,13.1843,0.44,1.0046,0.510007112,-0.070007112,-7.000711241,4.280487805,0.476990291,-1.114949,-0.626944358,-0.506285714,7.247080585,5.793013608,2018,9,adju_MT,2026,Benchmark
9/20/2018,FR0013344751,12/31/2024,9/24/2018,6.280629706,medium,6500,7500,6920,3197,2.16,934,4131,13.1843,0.14,0.9922,-0.097718141,0.237718141,23.7718141,4.422912206,1.403452201,0.860077013,0.452249844,0.428340921,8.326274787,6.839476438,2018,9,adju_MT,2024,Medium
10/18/2018,FR0012938116,12/31/2025,10/22/2018,7.203285421,medium,7000,8000,3181,1758,1.81,408,2166,18.1712,0.39,1.0424,0.500502501,-0.110502501,-11.05025012,5.308823529,0.735869636,-0.563071544,-0.193387515,-0.234313321,7.680637428,6.011267174,2018,10,adju_MT,2025,Benchmark
10/18/2018,FR0013344751,12/31/2024,10/22/2018,6.203969884,medium,7000,8000,5966,3291,1.81,476,3767,18.1712,0.16,0.9916,-0.115321416,0.275321416,27.53214163,7.913865546,1.279788052,0.596450512,0.360009265,0.340013043,8.234034208,6.165417854,2018,10,adju_MT,2024,Medium
11/8/2018,FR0013200813,12/31/2026,11/12/2018,8.145106092,medium,8000,9000,3530,1720,2.05,90,1810,15.881,0.54,0.9775,0.49746575,0.04253425,4.253424992,20.11111111,0.61492338,-0.820904056,-0.372942819,-0.355413105,7.501082124,4.49980967,2018,11,adju_LT,2026,Benchmark
11/22/2018,FR0013283686,12/31/2023,11/26/2018,5.106091718,medium,6500,7500,5260,2555,2.06,643,3198,19.2881,-0.13,1.0055,-0.174931472,0.044931472,4.49314721,4.973561431,1.086477884,0.184353041,0.19625595,0.082844244,8.070280893,6.466144724,2018,11,adju_MT,2023,Medium
11/22/2018,FR0013344751,12/31/2024,11/26/2018,6.108145106,medium,6500,7500,5720,2410,2.37,730,3140,19.2881,0.06,0.9968,-0.174931472,0.234931472,23.49314721,4.301369863,1.066773157,0.142346621,0.177953136,0.00263431,8.051978079,6.593044534,2018,11,adju_MT,2024,Medium
12/6/2018,FR0010916924,12/31/2026,12/10/2018,8.06844627,medium,3000,4000,2723,1053,2.59,0,1053,24.6155,0.23,1.2388,0.289307379,-0.059307379,-5.930737869,,0.357742718,-1.369160269,-0.914626431,-0.602291326,6.959398512,,2018,12,adju_MLT,2026,Benchmark
12/6/2018,FR0011486067,12/31/2023,12/10/2018,5.067761807,medium,3000,4000,2590,935,2.77,0,935,24.6155,-0.18,1.0863,-0.277224607,0.097224607,9.722460696,,0.31765379,-1.454621607,-1.033478414,-0.682350943,6.840546529,,2018,12,adju_MLT,2023,Medium
12/6/2018,FR0012517027,12/31/2025,12/10/2018,7.069130732,medium,3000,4000,2540,910,2.79,0,910,24.6155,0.15,1.0225,0.289307379,-0.139307379,-13.93073787,,0.309160374,-1.472727823,-1.060580343,-0.677285892,6.8134446,,2018,12,adju_MLT,2025,Benchmark
12/6/2018,FR0013200813,12/31/2026,12/10/2018,8.06844627,medium,3000,4000,2355,1100,2.14,0,1100,24.6155,0.38,0.9902,0.289307379,0.090692621,9.069262131,,0.373710342,-1.335120583,-0.870959484,-0.525350593,7.003065459,,2018,12,adju_MLT,2026,Benchmark
1/24/2019,FR0012517027,12/31/2025,1/28/2019,6.934976044,medium,8000,9000,3879,948,4.09,283,1231,15.5603,0.1,1.0252,-0.327541846,0.427541846,42.7541846,4.349823322,0.418215846,-1.240244013,-0.758442817,-0.405433689,7.115582126,5.645446898,2019,1,adju_MT,2025,Medium
1/24/2019,FR0013344751,12/31/2024,1/28/2019,5.935660507,medium,8000,9000,5687,2700,2.11,0,2700,15.5603,-0.06,1.0031,-0.327541846,0.267541846,26.7541846,,0.917289021,-0.176322776,0.026982109,0.383787478,7.901007052,,2019,1,adju_MT,2024,Medium
2/21/2019,FR0000571150,12/31/2025,2/25/2019,6.858316222,medium,8000,9000,3175,810,3.92,250,1060,14.3444,0.06,1.3947,-0.319548168,0.379548168,37.95481682,4.24,0.360120875,-1.364090528,-0.908000756,-0.439450026,6.966024187,5.521460918,2019,2,adju_MT,2025,Medium
2/21/2019,FR0013344751,12/31/2024,2/25/2019,5.859000684,medium,8000,9000,7658,3067,2.5,322,3389,14.3444,-0.09,1.0046,-0.319548168,0.229548168,22.95481682,10.52484472,1.151367589,0.32268453,0.254265229,0.6011654,8.128290172,5.774551546,2019,2,adju_MT,2024,Medium
3/21/2019,FR0012938116,12/31/2025,3/25/2019,6.7816564,medium,7500,9000,4779,1659,2.88,506,2165,15.6876,-0.02,1.0678,-0.359223207,0.339223207,33.92232072,4.278656126,0.7355299,-0.563795793,-0.193849302,0.144947336,7.68017564,6.226536669,2019,3,adju_MT,2025,Medium
3/21/2019,FR0013344751,12/31/2024,3/25/2019,5.782340862,medium,7500,9000,7430,2996,2.48,907,3903,15.6876,-0.17,1.0088,-0.359223207,0.189223207,18.92232072,4.303197354,1.32599224,0.694948325,0.395475824,0.889767592,8.269500767,6.81014245,2019,3,adju_MT,2024,Medium
4/18/2019,FR0013415627,12/31/2025,4/24/2019,6.704996578,medium,7750,9250,10005,3755,2.66,929,4684,11.0066,-0.08,1.0048,-0.390046732,0.310046732,31.00467315,5.041980624,1.591326582,1.260586505,0.577882782,1.139626951,8.451907725,6.834108739,2019,4,adju_MT,2025,Medium
5/16/2019,FR0013415627,12/31/2025,5/20/2019,6.628336756,medium,8000,9000,10720,5098,2.1,0,5098,15.0605,-0.19,1.011,-0.479792256,0.289792256,28.9792256,,1.731977565,1.560425438,0.662578642,1.167209863,8.536603585,,2019,5,adju_MT,2025,Medium
6/6/2019,FR0011317783,12/31/2027,6/10/2019,8.569472964,medium,7500,9000,5050,875,5.77,12,887,15.6299,-0.08,1.2381,-0.164770232,0.084770232,8.477023195,73.91666667,0.30134643,-1.489385541,-1.086179961,-0.622285309,6.787844982,2.48490665,2019,6,adju_LT,2027,Benchmark
6/20/2019,FR0013415627,12/31/2025,6/24/2019,6.532511978,medium,7500,9000,7612,2995,2.54,0,2995,13.3474,-0.38,1.0219,-0.64182162,0.26182162,26.18216197,,1.017511339,0.03733057,0.130674568,0.187510325,8.004699511,,2019,6,adju_MT,2025,Medium
7/18/2019,FR0013415627,12/31/2025,7/22/2019,6.455852156,medium,7250,8750,6855,2777,2.47,840,3617,13.332,-0.44,1.0256,-0.654942966,0.214942966,21.49429662,4.305952381,1.228827551,0.487813217,0.319375289,0.322123732,8.193400232,6.733401892,2019,7,adju_MT,2025,Medium
8/1/2019,FR0011317783,12/31/2027,8/5/2019,8.41615332,medium,5000,6000,4377,2089,2.1,323,2412,13.7348,-0.35,1.2586,-0.414617167,0.064617167,6.46171669,7.46749226,0.819444858,-0.384906381,-0.085813385,-0.152221669,7.788211558,5.777652323,2019,8,adju_MLT,2027,Benchmark
9/19/2019,FR0010916924,12/31/2026,9/23/2019,7.282683094,medium,7500,9000,3745,1470,2.55,258,1728,14.501,-0.48,1.2672,-0.452814353,-0.027185647,-2.718564672,6.697674419,0.587064973,-0.880292444,-0.419304994,-0.422138,7.454719949,5.552959585,2019,9,adju_MT,2026,Benchmark
9/19/2019,FR0013415627,12/31/2025,9/23/2019,6.283367556,medium,7500,9000,7656,3946,1.94,0,3946,14.501,-0.5,1.0281,-0.708056562,0.208056562,20.80565619,,1.340600917,0.726091016,0.406432744,0.284784024,8.280457687,,2019,9,adju_MT,2025,Medium
10/17/2019,FR0013131877,12/31/2026,10/21/2019,7.206023272,medium,7500,9000,5436,2261,2.4,15,2276,14.9276,-0.37,1.0581,-0.350200827,-0.019799173,-1.979917319,151.7333333,0.773240671,-0.483404195,-0.143850148,-0.277861506,7.730174795,2.708050201,2019,10,adju_MT,2026,Benchmark
10/17/2019,FR0013415627,12/31/2025,10/21/2019,6.206707734,medium,7500,9000,7805,4093,1.91,17,4110,14.9276,-0.43,1.0237,-0.628961834,0.198961834,19.8961834,241.7647059,1.396317731,0.844867792,0.447153365,0.347356918,8.321178307,2.833213344,2019,10,adju_MT,2025,Medium
11/21/2019,FR0013344751,12/31/2024,11/25/2019,5.11156742,medium,7000,8500,7114,3539,2.01,241,3780,13.1317,-0.49,1.0217,-0.557598319,0.067598319,6.759831882,15.6846473,1.284204629,0.605865744,0.363454346,0.150218075,8.237479289,5.484796933,2019,11,adju_MT,2024,Medium
11/21/2019,FR0013415627,12/31/2025,11/25/2019,6.110882957,medium,7000,8500,7277,2742,2.65,605,3347,13.1317,-0.39,1.021,-0.557598319,0.167598319,16.75983188,5.532231405,1.137098649,0.292266087,0.241794758,0.033024691,8.115819701,6.405228458,2019,11,adju_MT,2025,Medium
12/5/2019,FR0013286192,12/31/2028,12/9/2019,9.073237509,medium,4000,5000,4980,2072,2.4,0,2072,15.3707,-0.12,1.0741,-0.226733499,0.106733499,10.67334995,,0.703934389,-0.631150915,-0.23775534,-0.314436969,7.636269603,,2019,12,adju_MLT,2028,Benchmark
1/23/2020,FR0013250560,12/31/2027,1/27/2020,7.937029432,medium,7000,8500,3624,1904,1.9,569,2473,13.164,-0.23,1.091,-0.272412154,0.042412154,4.24121541,4.346221441,0.840168795,-0.340727215,-0.060837675,-0.190419031,7.813187268,6.343880434,2020,1,adju_MT,2027,Benchmark
1/23/2020,FR0013415627,12/31/2025,1/27/2020,5.938398357,medium,7000,8500,7007,2995,2.34,905,3900,13.164,-0.38,1.0199,-0.541435788,0.161435788,16.14357882,4.309392265,1.32497303,0.692775579,0.394706889,0.334473909,8.268731832,6.807934944,2020,1,adju_MT,2025,Medium
2/20/2020,FR0013200813,12/31/2026,2/24/2020,6.861054073,medium,7250,8750,4389,2880,1.52,871,3751,14.09,-0.4,1.0444,-0.628911115,0.228911115,22.89111153,4.306544202,1.274352265,0.584862534,0.355752807,0.216639187,8.22977775,6.769641977,2020,2,adju_MT,2026,Medium
2/20/2020,FR0013415627,12/31/2025,2/24/2020,5.861738535,medium,7250,8750,5825,2575,2.26,627,3202,14.09,-0.5,1.0258,-0.628911115,0.128911115,12.89111153,5.106858054,1.087836831,0.187250036,0.197505951,0.042345984,8.071530894,6.440946541,2020,2,adju_MT,2025,Medium
3/19/2020,FR0011317783,12/31/2027,3/23/2020,7.783709788,medium,6250,7750,2382,1857,1.28,410,2267,78.3461,-0.05,1.2128,-0.105888684,0.055888684,5.58886841,5.529268293,0.770183041,-0.489922433,-0.147812292,-0.230046417,7.726212651,6.01615716,2020,3,adju_MT,2027,Benchmark
3/19/2020,FR0013415627,12/31/2025,3/23/2020,5.785078713,medium,6250,7750,4026,2426,1.66,0,2426,78.3461,-0.22,1.0112,-0.399744116,0.179744116,17.97441159,,0.824201172,-0.3747669,-0.080025853,-0.213423036,7.79399909,,2020,3,adju_MT,2025,Medium
4/2/2020,FR0013341682,12/31/2028,4/6/2020,8.747433265,medium,7500,9500,7273,4928,1.48,906,5834,49.9156,-0.04,1.068,-0.359165634,0.319165634,31.91656343,6.439293598,1.982023758,2.093472429,0.797433207,0.775140727,8.67145815,6.809039306,2020,4,adju_LT,2028,Benchmark
4/16/2020,FR0010916924,12/31/2026,4/20/2020,6.707734428,medium,8000,10000,6281,2319,2.71,703,3022,43.2623,-0.17,1.2219,-0.608565736,0.438565736,43.85657357,4.298719772,1.02668423,0.056885283,0.1396492,-0.111089322,8.013674143,6.555356892,2020,4,adju_MT,2026,Medium
4/16/2020,FR0013508470,12/31/2026,4/20/2020,6.707734428,medium,8000,10000,9799,3772,2.6,950,4722,43.2623,-0.16,1.0095,-0.608565736,0.448565736,44.85657357,4.970526316,1.604236576,1.288107953,0.585962775,0.414831461,8.459987718,6.856461985,2020,4,adju_MT,2026,Medium
5/7/2020,FR0013286192,12/31/2028,5/11/2020,8.651608487,medium,9500,11500,6000,3746,1.6,655,4401,32.4312,-0.1,1.0684,-0.41121629,0.31121629,31.12162903,6.719083969,1.495181103,1.055624143,0.515562124,0.27512857,8.389587067,6.484635236,2020,5,adju_LT,2028,Benchmark
5/20/2020,FR0012938116,12/31/2025,5/25/2020,5.615331964,medium,8500,10000,6269,2051,3.06,622,2673,29.1093,-0.33,1.0739,-0.632378165,0.302378165,30.23781648,4.297427653,0.90811613,-0.195877489,0.016931773,-0.212723658,7.890956716,6.432940093,2020,5,adju_MT,2025,Medium
5/20/2020,FR0013508470,12/31/2026,5/25/2020,6.614647502,medium,8500,10000,7927,3479,2.28,1051,4530,29.1093,-0.28,1.016,-0.632378165,0.352378165,35.23781648,4.31018078,1.539007134,1.149052216,0.544452276,0.258304206,8.418477218,6.957497371,2020,5,adju_MT,2026,Medium
6/18/2020,FR0013286192,12/31/2028,6/22/2020,8.536618754,medium,9500,11000,5163,2625,1.97,765,3390,35.0461,-0.25,1.0797,-0.377286749,0.127286749,12.7286749,4.431372549,1.151707326,0.323408778,0.254560257,-0.047105947,8.1285852,6.639875834,2020,6,adju_MT,2028,Benchmark
6/18/2020,FR0013415627,12/31/2025,6/22/2020,5.535934292,medium,9500,11000,6451,2984,2.16,867,3851,35.0461,-0.48,1.0233,-0.619234317,0.139234317,13.92343171,4.441753172,1.308325933,0.657287397,0.382063191,0.027824114,8.256088134,6.765038977,2020,6,adju_MT,2025,Medium
6/18/2020,FR0013508470,12/31/2026,6/22/2020,6.535249829,medium,9500,11000,7866,3170,2.48,924,4094,35.0461,-0.4,1.0228,-0.619234317,0.219234317,21.92343171,4.430735931,1.390881944,0.833279814,0.443252823,0.108683878,8.317277766,6.828712072,2020,6,adju_MT,2026,Medium
7/16/2020,FR0010916924,12/31/2026,7/20/2020,6.458590007,medium,9500,11000,4801,1990,2.41,595,2585,26.8067,-0.47,1.2327,-0.665970446,0.195970446,19.59704458,4.344537815,0.878219303,-0.259611368,-0.016544156,-0.288123924,7.857480787,6.388561406,2020,7,adju_MT,2026,Medium
7/16/2020,FR0011317783,12/31/2027,7/20/2020,7.457905544,medium,9500,11000,4046,1800,2.25,406,2206,26.8067,-0.38,1.231,-0.430246091,0.050246091,5.02460907,5.433497537,0.749459103,-0.534101599,-0.175088743,-0.390270868,7.6989362,6.00635316,2020,7,adju_MT,2027,Benchmark
7/16/2020,FR0013508470,12/31/2026,7/20/2020,6.458590007,medium,9500,11000,9118,4307,2.12,1300,5607,26.8067,-0.45,1.0256,-0.665970446,0.215970446,21.59704458,4.313076923,1.904903533,1.92906799,0.757746153,0.434168176,8.631771096,7.170119543,2020,7,adju_MT,2026,Medium
8/6/2020,FR0000571218,12/31/2029,8/10/2020,9.401779603,medium,7500,9000,3351,1740,1.93,198,1938,24.9371,-0.36,1.5196,-0.516239607,0.156239607,15.62396066,9.787878788,0.658409675,-0.728200232,-0.30461315,-0.45940166,7.569411792,5.288267031,2020,8,adju_LT,2029,Benchmark
8/20/2020,FR0013250560,12/31/2027,8/24/2020,7.362080767,medium,5500,7000,4884,2106,2.32,266,2372,24.0354,-0.45,1.0994,-0.482646238,0.032646238,3.264623774,8.917293233,0.805855391,-0.413876326,-0.102536183,-0.307259851,7.77148876,5.583496309,2020,8,adju_MT,2027,Benchmark
8/20/2020,FR0013415627,12/31/2025,8/24/2020,5.363449692,medium,5500,7000,6074,3387,1.79,55,3442,24.0354,-0.57,1.0265,-0.698148469,0.128148469,12.81484689,62.58181818,1.169373633,0.361069707,0.269783034,-0.010421908,8.143807977,4.007333185,2020,8,adju_MT,2025,Medium
9/17/2020,FR0013131877,12/31/2026,9/21/2020,6.286105407,medium,7500,8500,7311,3800,1.92,1087,4887,22.5468,-0.53,1.0595,-0.697851623,0.167851623,16.7851623,4.495860166,1.660293127,1.407608977,0.620308954,0.41055923,8.494333897,6.991176887,2020,9,adju_MT,2026,Medium
9/17/2020,FR0013286192,12/31/2028,9/21/2020,8.287474333,medium,7500,8500,5511,1998,2.76,574,2572,22.5468,-0.4,1.0895,-0.470241542,0.070241542,7.024154226,4.480836237,0.873802726,-0.269026601,-0.021585858,-0.255822925,7.852439085,6.352629396,2020,9,adju_MT,2028,Benchmark
10/15/2020,FR0011317783,12/31/2027,10/19/2020,7.208761123,medium,6500,7500,3362,2185,1.54,0,2185,26.8422,-0.59,1.2399,-0.589720542,-0.000279458,-0.027945838,,0.742324633,-0.54931082,-0.184653835,-0.285558583,7.689371108,,2020,10,adju_MT,2027,Benchmark
10/15/2020,FR0012517027,12/31/2025,10/19/2020,5.210130048,medium,6500,7500,3262,1900,1.72,0,1900,26.8422,-0.7,1.0564,-0.795656616,0.095656616,9.565661607,,0.645499681,-0.75572168,-0.324415778,-0.413036762,7.549609165,,2020,10,adju_MT,2025,Medium
10/15/2020,FR0013508470,12/31/2026,10/19/2020,6.209445585,medium,6500,7500,5417,3155,1.72,0,3155,26.8422,-0.64,1.0351,-0.795656616,0.155656616,15.56566161,,1.071869207,0.15321035,0.182718832,-0.019399622,8.056743775,,2020,10,adju_MT,2026,Medium
11/5/2020,FR0013407236,12/31/2029,11/9/2020,9.152635181,medium,9500,11000,6346,3497,1.81,0,3497,26.3725,-0.5,1.0871,-0.595582068,0.095582068,9.558206808,,1.18805915,0.400903382,0.285635794,0.154569966,8.159660737,,2020,11,adju_LT,2029,Benchmark
11/19/2020,FR0011317783,12/31/2027,11/23/2020,7.112936345,medium,7500,8500,3266,1485,2.2,418,1903,21.9714,-0.57,1.2348,-0.549968069,-0.020031931,-2.003193086,4.552631579,0.646518891,-0.753548934,-0.322838076,-0.411215676,7.551186867,6.035481433,2020,11,adju_MT,2027,Benchmark
11/19/2020,FR0013508470,12/31/2026,11/23/2020,6.113620808,medium,7500,8500,7787,4120,1.89,1207,5327,21.9714,-0.62,1.033,-0.746920288,0.126920288,12.6920288,4.413421707,1.809777264,1.726278374,0.706518564,0.619682266,8.580543507,7.095893221,2020,11,adju_MT,2026,Medium
1/21/2021,FR0013341682,12/31/2028,1/25/2021,7.942505133,medium,8500,10000,4676,2247,2.08,0,2247,19.9362,-0.46,1.0967,-0.497414102,0.037414102,3.741410231,,0.763388307,-0.504407405,-0.156673671,-0.280806572,7.717351272,,2021,1,adju_MT,2028,Benchmark
1/21/2021,FR0013508470,12/31/2026,1/25/2021,5.941136208,medium,8500,10000,8416,4005,2.1,0,4005,19.9362,-0.6,1.0309,-0.70404218,0.10404218,10.40421805,,1.36064538,0.768821685,0.421273917,0.292526154,8.29529886,,2021,1,adju_MT,2026,Medium
2/18/2021,FR0013407236,12/31/2029,2/22/2021,8.865160849,medium,9500,10500,5692,3040,1.87,0,3040,22.5234,-0.25,1.0629,-0.312766776,0.062766776,6.276677616,,1.03279949,0.069921758,0.145587851,-0.016446482,8.019612794,,2021,2,adju_MT,2029,Benchmark
2/18/2021,FR0013508470,12/31/2026,2/22/2021,5.864476386,medium,9500,10500,6910,2658,2.6,0,2658,22.5234,-0.5,1.0254,-0.612813198,0.112813198,11.2813198,,0.90302008,-0.206741218,0.011304296,-0.146618151,7.885329239,,2021,2,adju_MT,2026,Medium
3/18/2021,FR0013286192,12/31/2028,3/22/2021,7.789185489,medium,8500,9500,3526,1405,2.51,388,1793,17.4622,-0.28,1.075,-0.243695711,-0.036304289,-3.630428922,4.621134021,0.609147857,-0.833216283,-0.382379469,-0.372382008,7.491645474,5.96100534,2021,3,adju_MT,2028,Benchmark
3/18/2021,FR0013508470,12/31/2026,3/22/2021,5.787816564,medium,8500,9500,6490,3098,2.09,851,3949,17.4622,-0.48,1.0239,-0.600962823,0.120962823,12.09628226,4.640423032,1.341620127,0.728263762,0.407192718,0.32892117,8.281217661,6.746412129,2021,3,adju_MT,2026,Medium
4/8/2021,FR0013451507,12/31/2029,4/12/2021,8.73100616,medium,10000,11000,5916,2235,2.65,0,2235,16.1602,-0.18,1.0155,-0.324400959,0.144400959,14.44009585,,0.759311467,-0.513098389,-0.162028436,-0.254875813,7.711996507,,2021,4,adju_LT,2029,Benchmark
4/22/2021,FR0013407236,12/31/2029,4/26/2021,8.692676249,medium,10000,11000,6938,3655,1.9,0,3655,17.7562,-0.18,1.055,-0.247963813,0.067963813,6.796381345,,1.241737544,0.515334665,0.329826429,0.135886877,8.203851372,,2021,4,adju_MT,2029,Benchmark
4/22/2021,FR0014003513,12/31/2027,4/26/2021,6.691307324,medium,10000,11000,9511,4304,2.21,0,4304,17.7562,-0.36,1.0215,-0.602780511,0.242780511,24.27805105,,1.462226646,0.985372026,0.493275159,0.390517729,8.367300102,,2021,4,adju_MT,2027,Medium
5/20/2021,FR0013341682,12/31/2028,5/24/2021,7.61670089,medium,9500,10500,5486,2405,2.28,720,3125,22.1023,-0.03,1.0586,-0.070424612,0.040424612,4.042461192,4.340277778,1.061677107,0.131482892,0.173164619,0.008037418,8.047189562,6.579251212,2021,5,adju_MT,2028,Benchmark
5/20/2021,FR0014003513,12/31/2027,5/24/2021,6.614647502,medium,9500,10500,7634,3297,2.32,990,4287,22.1023,-0.19,1.0108,-0.485692854,0.295692854,29.56928539,4.33030303,1.456451123,0.973059799,0.489317524,0.305585869,8.363342467,6.897704943,2021,5,adju_MT,2027,Medium
6/17/2021,FR0013286192,12/31/2028,6/21/2021,7.540041068,medium,9000,10000,4642,1880,2.47,0,1880,17.0804,-0.21,1.0671,-0.187243745,-0.022756255,-2.27562549,,0.638704948,-0.770206652,-0.334997887,-0.378905927,7.539027056,,2021,6,adju_MT,2028,Benchmark
6/17/2021,FR0013407236,12/31/2029,6/21/2021,8.539356605,medium,9000,10000,4242,1835,2.31,183,2018,17.0804,-0.1,1.0475,-0.187243745,0.087243745,8.72437451,11.0273224,0.685588609,-0.670260341,-0.264162742,-0.329085167,7.609862201,5.209486153,2021,6,adju_MT,2029,Benchmark
6/17/2021,FR0014003513,12/31/2027,6/21/2021,6.53798768,medium,9000,10000,7134,3150,2.26,0,3150,17.0804,-0.3,1.0175,-0.563810895,0.263810895,26.38108946,,1.070170524,0.149589107,0.181132789,-0.016853933,8.055157732,,2021,6,adju_MT,2027,Medium
7/15/2021,FR0011317783,12/31/2027,7/19/2021,6.461327858,medium,9500,10500,4357,1820,2.39,553,2373,18.642,-0.42,1.2015,-0.645061691,0.225061691,22.50616908,4.291139241,0.806195128,-0.413152078,-0.102114687,-0.211584252,7.771910256,6.315358002,2021,7,adju_MT,2027,Medium
7/15/2021,FR0013341682,12/31/2028,7/19/2021,7.463381246,medium,9500,10500,4497,1650,2.73,503,2153,18.642,-0.3,1.0784,-0.337571585,0.037571585,3.757158505,4.280318091,0.73145306,-0.572486776,-0.199407446,-0.291737486,7.674617497,6.22059017,2021,7,adju_MT,2028,Benchmark
7/15/2021,FR0013508470,12/31/2026,7/19/2021,5.46201232,medium,9500,10500,6291,2570,2.45,779,3349,18.642,-0.52,1.0245,-0.645061691,0.125061691,12.50616908,4.299101412,1.137778122,0.293714585,0.24239213,0.103974947,8.116417073,6.658011046,2021,7,adju_MT,2026,Medium
8/19/2021,FR0013131877,12/31/2026,8/23/2021,5.366187543,medium,6000,7000,6755,2506,2.7,115,2621,22.1296,-0.62,1.0542,-0.744878067,0.124878067,12.48780669,22.79130435,0.890449823,-0.233538418,-0.00271374,-0.112352891,7.871311203,4.744932128,2021,8,adju_MT,2026,Medium
8/19/2021,FR0013250560,12/31/2027,8/23/2021,6.36550308,medium,6000,7000,5227,1994,2.62,524,2518,22.1296,-0.54,1.0904,-0.744878067,0.204878067,20.48780669,4.805343511,0.855456946,-0.308136027,-0.042804728,-0.137843467,7.831220215,6.261491684,2021,8,adju_MT,2027,Medium
9/16/2021,FR0013200813,12/31/2026,9/20/2021,5.289527721,medium,8000,9000,6008,2652,2.27,0,2652,21.6515,-0.48,1.0381,-0.625205598,0.145205598,14.52055978,,0.90098166,-0.21108671,0.009044408,-0.057931974,7.883069351,,2021,9,adju_MT,2026,Medium
9/16/2021,FR0014003513,12/31/2027,9/20/2021,6.288843258,medium,8000,9000,8050,3208,2.51,0,3208,21.6515,-0.42,1.0234,-0.625205598,0.205205598,20.52055978,,1.089875251,0.191595528,0.199378026,0.154856903,8.073402969,,2021,9,adju_MT,2027,Medium
10/7/2021,FR0011883966,12/31/2030,10/11/2021,9.232032854,medium,10000,11000,7302,2956,2.47,0,2956,21.0201,-0.05,1.22,-0.162983766,0.112983766,11.2983766,,1.004261609,0.009084873,0.117567339,0.108396088,7.991592282,,2021,10,adju_LT,2030,Benchmark
10/21/2021,FR0013131877,12/31/2026,10/25/2021,5.193702943,medium,6500,7500,6498,1685,3.86,0,1685,16.7516,-0.38,1.0408,-0.434500947,0.054500947,5.450094727,,0.572456296,-0.911435135,-0.4445041,-0.338415731,7.429520843,,2021,10,adju_MT,2026,Medium
11/18/2021,FR0011317783,12/31/2027,11/22/2021,6.116358658,medium,6500,7500,5396,1849,2.92,563,2412,17.7692,-0.37,1.1873,-0.568135375,0.198135375,19.81353747,4.284191829,0.819444858,-0.384906381,-0.085813385,-0.076098059,7.788211558,6.333279628,2021,11,adju_MT,2027,Medium
11/18/2021,FR0014003513,12/31/2027,11/22/2021,6.116358658,medium,6500,7500,6658,2598,2.56,785,3383,17.7692,-0.37,1.0197,-0.568135375,0.198135375,19.81353747,4.30955414,1.149329169,0.318339038,0.252493226,0.318223146,8.126518169,6.665683718,2021,11,adju_MT,2027,Medium
12/2/2021,FR0011883966,12/31/2030,12/6/2021,9.07871321,medium,3000,4000,5915,2220,2.66,446,2666,30.469,-0.19,1.2293,-0.363994046,0.173994046,17.39940463,5.977578475,0.905737974,-0.200947229,0.014309558,0.000500375,7.888334501,6.100318952,2021,12,adju_LT,2030,Benchmark
1/20/2022,FR0013341682,12/31/2028,1/24/2022,6.945927447,medium,9500,10500,6245,2138,2.92,650,2788,20.4033,-0.01,1.0519,-0.33864568,0.32864568,32.86456797,4.289230769,0.947185848,-0.112588897,0.059054829,-0.021725781,7.933079772,6.476972363,2022,1,adju_MT,2028,Medium
1/20/2022,FR0014003513,12/31/2027,1/24/2022,5.943874059,medium,9500,10500,9192,3962,2.32,1195,5157,20.4033,-0.15,1.0075,-0.33864568,0.18864568,18.86456797,4.315481172,1.752022029,1.603156107,0.674085351,0.831754677,8.548110294,7.085901464,2022,1,adju_MT,2027,Medium
2/3/2022,FR0013516549,12/31/2030,2/7/2022,8.906228611,medium,10500,11500,8542,3296,2.59,0,3296,24.3287,0.3,0.9738,0.133522895,0.166477105,16.64771045,,1.119772078,0.255329407,0.226439948,0.119121725,8.100464891,,2022,2,adju_LT,2030,Benchmark
2/17/2022,FR0013286192,12/31/2028,2/21/2022,6.869267625,medium,10000,11000,5000,2493,2.01,754,3247,28.7931,0.33,1.0262,-0.016102797,0.346102797,34.61027974,4.306366048,1.103124981,0.219841224,0.211461829,-0.008700962,8.085486772,6.625392368,2022,2,adju_MT,2028,Medium
2/17/2022,FR0014003513,12/31/2027,2/21/2022,5.867214237,medium,10000,11000,8999,4498,2,1358,5856,28.7931,0.23,0.9886,-0.016102797,0.246102797,24.61027974,4.312223859,1.989497965,2.109405899,0.801197113,0.816752844,8.675222056,7.213768308,2022,2,adju_MT,2027,Medium
3/17/2022,FR0013407236,12/31/2029,3/21/2022,7.79192334,medium,9000,10000,5850,3170,1.85,959,4129,32.017,0.5,0.9998,0.412734816,0.087265184,8.726518363,4.30552659,1.402772728,0.858628516,0.451765583,0.165095116,8.325790526,6.865891075,2022,3,adju_MT,2029,Benchmark
3/17/2022,FR0014003513,12/31/2027,3/21/2022,5.790554415,medium,9000,10000,9495,3897,2.44,1055,4952,32.017,0.31,0.9846,0.121665669,0.188334331,18.83343308,4.693838863,1.682376011,1.454685138,0.633521871,0.42825554,8.507546814,6.961296046,2022,3,adju_MT,2027,Medium
4/21/2022,FR0011883966,12/31/2030,4/25/2022,8.6954141,medium,10000,11000,6122,2894,2.12,0,2894,24.5398,1.11,1.1065,0.912916946,0.197083054,19.70830539,,0.983197935,-0.035818542,0.096369964,-0.182197103,7.970394907,,2022,4,adju_MT,2030,Benchmark
4/21/2022,FR0014003513,12/31/2027,4/25/2022,5.694729637,medium,10000,11000,11083,4450,2.49,0,4450,24.5398,0.88,0.9586,0.691265006,0.188734994,18.87349937,,1.511828201,1.091112326,0.526634432,0.180632324,8.400659375,,2022,4,adju_MT,2027,Medium
5/19/2022,FR001400AIN5,12/31/2028,5/23/2022,6.620123203,medium,10000,11500,11379,4617,2.46,1161,5778,29.4669,1.06,0.9825,0.770557298,0.289442702,28.94427017,4.976744186,1.962998504,2.052914506,0.787787938,0.455874016,8.661812881,7.057036982,2022,5,adju_MT,2028,Medium
6/16/2022,FR0013341682,12/31/2028,6/20/2022,6.543463381,medium,10500,11500,5968,3189,1.87,964,4153,32.5946,2.01,0.9249,1.66690824,0.34309176,34.30917602,4.308091286,1.410926408,0.876010483,0.457561301,-0.027495365,8.331586244,6.871091295,2022,6,adju_MT,2028,Medium
6/16/2022,FR0013407236,12/31/2029,6/20/2022,7.542778919,medium,10500,11500,3894,2094,1.86,636,2730,32.5946,2.02,0.9028,1.846265287,0.173734713,17.37347133,4.29245283,0.927481121,-0.154595317,0.038031945,-0.328936048,7.912056888,6.455198563,2022,6,adju_MT,2029,Benchmark
6/16/2022,FR001400AIN5,12/31/2028,6/20/2022,6.543463381,medium,10500,11500,7395,3491,2.12,1054,4545,32.5946,2.01,0.933,1.66690824,0.34309176,34.30917602,4.312144213,1.544103185,1.159915945,0.547758064,0.096105149,8.421783007,6.960347729,2022,6,adju_MT,2028,Medium
7/21/2022,FR0013286192,12/31/2028,7/25/2022,6.447638604,medium,9500,10500,6773,3701,1.83,1109,4810,25.5535,1.42,0.9627,1.014965163,0.405034837,40.5034837,4.337240757,1.634133403,1.351841832,0.60442742,0.107571862,8.478452363,7.011213987,2022,7,adju_MT,2028,Medium
7/21/2022,FR001400AIN5,12/31/2028,7/25/2022,6.447638604,medium,9500,10500,9433,3510,2.69,1060,4570,25.5535,1.47,0.9618,1.014965163,0.455034837,45.5034837,4.311320755,1.552596601,1.178022161,0.553243541,0.083794466,8.427268484,6.966024187,2022,7,adju_MT,2028,Medium
8/18/2022,FR001400AIN5,12/31/2028,8/22/2022,6.370978782,medium,5000,6000,9770,3800,2.57,0,3800,22.667,1.27,0.9724,0.86872915,0.40127085,40.12708504,,1.290999362,0.620350716,0.368731403,-0.089056694,8.242756346,,2022,8,adju_MT,2028,Medium
9/1/2022,FR0012993103,12/31/2031,9/5/2022,9.330595483,medium,9000,10000,9030,4407,2.05,1313,5720,29.1451,1.94,0.9649,1.623398616,0.316601384,31.66013842,4.356435644,1.943293777,2.010908085,0.777699141,0.306657022,8.651724084,7.180069874,2022,9,adju_LT,2031,Benchmark
9/15/2022,FR0013451507,12/31/2029,9/19/2022,7.293634497,medium,9000,10000,5710,2775,2.06,0,2775,25.3479,2.01,0.8671,1.757046347,0.252953653,25.29536533,,0.942769271,-0.122004129,0.054381083,-0.341298414,7.928406026,,2022,9,adju_MT,2029,Benchmark
9/15/2022,FR0014003513,12/31/2027,9/19/2022,5.292265572,medium,9000,10000,7221,2699,2.68,0,2699,25.3479,1.84,0.9222,1.60486896,0.23513104,23.513104,,0.916949284,-0.177047025,0.02661167,-0.355821632,7.900636613,,2022,9,adju_MT,2027,Medium
9/15/2022,FR001400AIN5,12/31/2028,9/19/2022,6.29431896,medium,9000,10000,11968,4524,2.65,0,4524,25.3479,1.96,0.9382,1.60486896,0.35513104,35.513104,,1.536968714,1.144706724,0.543126894,0.071339767,8.417151837,,2022,9,adju_MT,2028,Medium
10/20/2022,FR001400AIN5,12/31/2028,10/24/2022,6.198494182,medium,9000,10000,9977,4427,2.25,1337,5764,27.7451,2.65,0.9065,2.210222827,0.439777173,43.97771735,4.311144353,1.958242191,2.042775025,0.785362014,0.333538984,8.659386957,7.198183577,2022,10,adju_MT,2028,Medium
11/17/2022,FR0013341682,12/31/2028,11/21/2022,6.12183436,medium,7000,8000,5001,2285,2.19,0,2285,21.8159,2.21,0.9189,1.992432886,0.217567114,21.75671143,,0.776298301,-0.476885957,-0.13990364,-0.427724673,7.734121303,,2022,11,adju_MT,2028,Medium
11/17/2022,FR0013407236,12/31/2029,11/21/2022,7.121149897,medium,7000,8000,4871,1630,2.99,0,1630,21.8159,2.2,0.8977,2.129787039,0.070212961,7.021296102,,0.553770779,-0.95126881,-0.477689649,-0.56907757,7.396335294,,2022,11,adju_MT,2029,Benchmark
11/17/2022,FR001400AIN5,12/31/2028,11/21/2022,6.12183436,medium,7000,8000,10096,4084,2.47,0,4084,21.8159,2.21,0.9284,1.992432886,0.217567114,21.75671143,,1.387484578,0.826037327,0.440807236,-0.023239128,8.314832179,,2022,11,adju_MT,2028,Medium
12/1/2022,FR0014002WK3,12/31/2031,12/5/2022,9.081451061,medium,5000,6000,6126,2844,2.15,0,2844,20.3191,2.19,0.8231,1.881448933,0.308551067,30.85510675,,0.966211102,-0.072030973,0.078941848,-0.250016482,7.952966791,,2022,12,adju_LT,2031,Benchmark
1/19/2023,FR0013407236,12/31/2029,1/23/2023,6.948665298,medium,9000,10000,5981,2472,2.42,0,2472,20.2982,2.29,0.8956,2.107931789,0.182068211,18.20682108,,0.839829059,-0.341451464,-0.061242124,-0.299584435,7.812782819,,2023,1,adju_MT,2029,Medium
1/19/2023,FR001400AIN5,12/31/2028,1/23/2023,5.94934976,medium,9000,10000,8577,3755,2.28,0,3755,20.2982,2.32,0.9255,2.107931789,0.212068211,21.20682108,,1.275711212,0.587759528,0.356818621,0.008279257,8.230843564,,2023,1,adju_MT,2028,Medium
2/2/2023,FR0014002WK3,12/31/2031,2/6/2023,8.908966461,medium,10000,11500,7193,4144,1.74,1250,5394,16.6712,2.59,0.7983,2.208859118,0.381140882,38.1140882,4.3152,1.832539621,1.774803032,0.719017561,0.472898557,8.593042504,7.13089883,2023,2,adju_LT,2031,Benchmark
2/16/2023,FR0011883966,12/31/2030,2/20/2023,7.871321013,medium,10000,11500,5909,2545,2.32,0,2545,18.0518,2.73,0.9847,2.580942913,0.149057087,14.90570865,,0.864629836,-0.288581314,-0.032139014,-0.278491778,7.841885929,,2023,2,adju_MT,2030,Benchmark
2/16/2023,FR001400AIN5,12/31/2028,2/20/2023,5.872689938,medium,10000,11500,9251,4256,2.17,0,4256,18.0518,2.76,0.9072,2.579361953,0.180638047,18.06380466,,1.445919286,0.950608091,0.482060088,0.202203286,8.356085031,,2023,2,adju_MT,2028,Medium
3/16/2023,FR0013516549,12/31/2030,3/20/2023,7.794661191,medium,10500,12000,8100,4366,1.86,1307,5673,26.6513,2.67,0.8168,2.274090741,0.395909259,39.59092587,4.340474369,1.927326153,1.976868399,0.769448414,0.476126458,8.643473357,7.175489714,2023,3,adju_MT,2030,Benchmark
3/16/2023,FR001400AIN5,12/31/2028,3/20/2023,5.796030116,medium,10500,12000,9768,4173,2.34,1243,5416,26.6513,2.66,0.9129,2.256133194,0.403866806,40.38668058,4.357200322,1.840013828,1.790736502,0.723087872,0.503748265,8.597112815,7.125283092,2023,3,adju_MT,2028,Medium
4/20/2023,FR0013451507,12/31/2029,4/24/2023,6.699520876,medium,10000,11500,6113,2055,2.97,0,2055,17.727,2.83,0.832,2.51306601,0.31693399,31.69339904,,0.698158866,-0.643463142,-0.245993816,-0.428001485,7.628031127,,2023,4,adju_MT,2029,Medium
4/20/2023,FR001400HI98,12/31/2029,4/24/2023,6.699520876,medium,10000,11500,11210,4787,2.34,0,4787,17.727,2.88,0.9929,2.51306601,0.36693399,36.69339904,,1.62631946,1.335184114,0.599634246,0.272546022,8.473659189,,2023,4,adju_MT,2029,Medium
5/17/2023,FR001400HI98,12/31/2029,5/22/2023,6.625598905,medium,10000,11000,9189,3060,3,0,3060,16.9505,2.68,1.0038,2.30812103,0.37187897,37.18789696,,1.039594223,0.084406731,0.152145252,-0.163305763,8.026170195,,2023,5,adju_MT,2029,Medium
6/15/2023,FR0013341682,12/31/2028,6/19/2023,5.546885695,medium,11000,12000,8401,2195,3.83,30,2225,13.7205,2.85,0.8957,2.548753122,0.301246878,30.1246878,74.16666667,0.7559141,-0.520340875,-0.166512748,-0.399757205,7.707512195,3.401197382,2023,6,adju_MT,2028,Medium
6/15/2023,FR001400HI98,12/31/2029,6/19/2023,6.546201232,medium,11000,12000,14663,5695,2.57,76,5771,13.7205,2.89,0.9927,2.548753122,0.341246878,34.1246878,75.93421053,1.960620347,2.047844765,0.786575712,0.460735303,8.660600655,4.33073334,2023,6,adju_MT,2029,Medium
7/20/2023,FR0013286192,12/31/2028,7/24/2023,5.451060917,medium,11000,12000,6076,2480,2.45,0,2480,15.6917,2.85,0.9065,2.598088211,0.251911789,25.19117891,,0.842546952,-0.335657474,-0.058011104,-0.354922617,7.816013839,,2023,7,adju_MT,2028,Medium
7/20/2023,FR001400HI98,12/31/2029,7/24/2023,6.450376454,medium,11000,12000,8537,3349,2.55,0,3349,15.6917,2.86,0.9944,2.598088211,0.261911789,26.19117891,,1.137778122,0.293714585,0.24239213,-0.145136245,8.116417073,,2023,7,adju_MT,2029,Medium
8/17/2023,FR0012993103,12/31/2031,8/21/2023,8.372347707,medium,7500,8500,4755,2247,2.12,681,2928,20.3539,3.05,0.8946,2.758327914,0.291672086,29.16720859,4.299559471,0.994748982,-0.011194088,0.108049932,-0.202849559,7.982074875,6.523562306,2023,8,adju_MT,2031,Benchmark
8/17/2023,FR001400HI98,12/31/2029,8/21/2023,6.373716632,medium,7500,8500,6421,2909,2.21,879,3788,20.3539,3.04,0.9855,2.688078474,0.351921526,35.19215259,4.309442548,1.286922522,0.611659733,0.365568511,0.001123224,8.239593454,6.778784898,2023,8,adju_MT,2029,Medium
9/21/2023,FR0013286192,12/31/2028,9/25/2023,5.278576318,medium,10000,11000,5533,2785,1.99,573,3358,17.1196,3.12,0.8985,2.778020909,0.341979091,34.19790906,5.860383944,1.140835752,0.300232822,0.245075895,-0.102339051,8.119100838,6.350885717,2023,9,adju_MT,2028,Medium
9/21/2023,FR001400HI98,12/31/2029,9/25/2023,6.277891855,medium,10000,11000,7943,3510,2.26,625,4135,17.1196,3.14,0.9809,2.778020909,0.361979091,36.19790906,6.616,1.404811148,0.862974007,0.453217665,0.13783852,8.327242607,6.43775165,2023,9,adju_MT,2029,Medium
10/19/2023,FR0011883966,12/31/2030,10/23/2023,7.20054757,medium,10000,11500,4528,1660,2.73,505,2165,22.3032,3.3,0.9532,2.994717273,0.305282727,30.52827269,4.287128713,0.7355299,-0.563795793,-0.193849302,-0.337261805,7.68017564,6.224558429,2023,10,adju_MT,2030,Benchmark
10/19/2023,FR001400HI98,12/31/2029,10/23/2023,6.201232033,medium,10000,11500,7730,2984,2.59,903,3887,22.3032,3.3,0.9735,2.881736716,0.418263284,41.82632843,4.304540421,1.320556453,0.683360347,0.391367988,0.115271501,8.265392931,6.805722553,2023,10,adju_MT,2029,Medium
11/16/2023,FR001400AIN5,12/31/2028,11/20/2023,5.125256674,medium,9000,10000,5030,2433,2.07,676,3109,14.6829,2.89,0.9154,2.537534598,0.352465402,35.24654023,4.599112426,1.05624132,0.119894913,0.168031467,-0.073208297,8.04205641,6.516193076,2023,11,adju_MT,2028,Medium
11/16/2023,FR001400HI98,12/31/2029,11/20/2023,6.124572211,medium,9000,10000,7229,3498,2.07,1057,4555,14.6829,2.92,0.9916,2.537534598,0.382465402,38.24654023,4.309366131,1.547500551,1.167158432,0.549955867,0.309221557,8.42398081,6.963189986,2023,11,adju_MT,2029,Medium
12/7/2023,FR0014007L00,12/31/2032,12/11/2023,9.067761807,medium,4000,5000,3672,1318,2.79,0,1318,14.2078,2.59,0.8056,2.233947857,0.356052143,35.60521432,,0.447772937,-1.177234382,-0.690154228,-0.612761061,7.183870715,,2023,12,adju_LT,2032,Benchmark
1/18/2024,FR0013407236,12/31/2029,1/22/2024,5.952087611,medium,10500,12000,7071,2353,3.01,0,2353,14.5083,2.53,0.8997,2.208637124,0.321362876,32.13628759,,0.799400395,-0.42763705,-0.110578554,-0.2755356,7.763446389,,2024,1,adju_MT,2029,Medium
1/18/2024,FR001400HI98,12/31/2029,1/22/2024,5.952087611,medium,10500,12000,8608,4030,2.14,0,4030,14.5083,2.55,1.0094,2.208637124,0.341362876,34.13628759,,1.369138797,0.786927901,0.427496712,0.236765383,8.301521655,,2024,1,adju_MT,2029,Medium
2/15/2024,FR0014002WK3,12/31/2031,2/19/2024,7.874058864,medium,10500,12000,8541,2294,3.72,0,2294,14.3226,2.65,0.8158,2.384916956,0.265083044,26.50830442,,0.779355931,-0.47036772,-0.135972645,-0.274050633,7.738052298,,2024,2,adju_MT,2031,Benchmark
2/15/2024,FR001400HI98,12/31/2029,2/19/2024,5.875427789,medium,10500,12000,11650,4995,2.33,0,4995,14.3226,2.62,1.0062,2.290736316,0.329263684,32.92636837,,1.696984688,1.485827829,0.642167748,0.53193447,8.516192691,,2024,2,adju_MT,2029,Medium
3/21/2024,FR0012993103,12/31/2031,3/25/2024,7.778234086,medium,11000,12500,7032,2619,2.68,736,3355,12.1808,2.65,0.9261,2.469124021,0.180875979,18.08759793,4.558423913,1.139816542,0.298060076,0.244182106,-0.03930131,8.118207049,6.601230119,2024,3,adju_MT,2031,Benchmark
3/21/2024,FR001400HI98,12/31/2029,3/25/2024,5.779603012,medium,11000,12500,9893,4642,2.13,1069,5711,12.1808,2.64,1.0049,2.399586223,0.240413777,24.04137771,5.342376052,1.940236147,2.004389847,0.776124476,0.635218325,8.650149419,6.974478911,2024,3,adju_MT,2029,Medium
4/18/2024,FR0014007L00,12/31/2032,4/22/2024,8.703627652,medium,11000,12500,4031,1371,2.94,0,1371,17.5161,2.83,0.7978,2.552937474,0.277062526,27.70625256,,0.46577898,-1.138849205,-0.650729263,-0.593044253,7.22329568,,2024,4,adju_MT,2032,Benchmark
4/18/2024,FR00140PM68,12/31/2030,4/22/2024,6.702258727,medium,11000,12500,10747,5171,2.08,0,5171,17.5161,2.79,0.9978,2.472165167,0.317834833,31.78348332,,1.756778343,1.613295587,0.676796429,0.444985213,8.550821372,,2024,4,adju_MT,2030,Medium
5/16/2024,FR0011883966,12/31/2030,5/20/2024,6.625598905,medium,10500,12000,5250,1842,2.85,0,1842,12.7936,2.73,0.9873,2.465249557,0.264750444,26.47504435,,0.625794954,-0.7977281,-0.355417726,-0.448833034,7.518607217,,2024,5,adju_MT,2030,Medium
5/16/2024,FR001400HI98,12/31/2029,5/20/2024,5.626283368,medium,10500,12000,7440,2757,2.7,0,2757,12.7936,2.76,0.9994,2.465249557,0.294750443,29.47504435,,0.936654011,-0.135040604,0.047873468,-0.138145726,7.921898411,,2024,5,adju_MT,2029,Medium
5/16/2024,FR001400PM68,12/31/2030,5/20/2024,6.625598905,medium,10500,12000,8459,3190,2.65,0,3190,12.7936,2.77,0.999,2.465249557,0.304750444,30.47504435,,1.083759991,0.178559052,0.193751253,-0.047405748,8.067776196,,2024,5,adju_MT,2030,Medium
6/20/2024,FR0000571218,12/31/2029,6/24/2024,5.53045859,medium,8000,10500,6372,2379,2.68,721,3100,17.7544,3.03,1.1093,2.450911465,0.579088535,57.90885354,4.299583911,1.05318369,0.113376676,0.165132448,-0.032836752,8.03915739,6.580639137,2024,6,adju_MT,2029,Medium
6/20/2024,FR0014007L00,12/31/2032,6/24/2024,8.531143053,medium,8000,10500,4490,1782,2.52,542,2324,17.7544,3.05,0.7882,2.507990125,0.542009875,54.20098748,4.287822878,0.789548031,-0.448640261,-0.122979825,-0.292056964,7.751045118,6.295266001,2024,6,adju_MT,2032,Benchmark
6/20/2024,FR001400PM68,12/31/2030,6/24/2024,6.529774127,medium,8000,10500,7595,3026,2.51,913,3939,17.7544,3.01,0.9865,2.450911465,0.559088535,55.90885354,4.314348302,1.33822276,0.721021276,0.40465722,0.180254189,8.278682163,6.816735881,2024,6,adju_MT,2030,Medium
7/4/2024,FR001400H7V7,12/31/2033,7/8/2024,9.492128679,medium,8000,10500,10756,3984,2.7,716,4700,14.6177,3.17,0.987,2.621534949,0.548465051,54.84650509,6.56424581,1.596762369,1.272174483,0.581292845,0.328465434,8.455317788,6.573680167,2024,7,adju_LT,2033,Benchmark
7/18/2024,FR001400BKZ3,12/31/2032,7/22/2024,8.454483231,medium,9500,11500,5362,2088,2.57,0,2088,15.7337,2.96,0.9298,2.433846273,0.526153727,52.61537267,,0.709370176,-0.619562937,-0.230062994,-0.318371011,7.643961949,,2024,7,adju_MT,2032,Benchmark
7/18/2024,FR001400PM68,12/31/2030,7/22/2024,6.453114305,medium,9500,11500,7435,2922,2.54,0,2922,15.7337,2.87,0.9938,2.355394197,0.514605803,51.46058027,,0.992710562,-0.01553958,0.105998649,-0.131692338,7.980023592,,2024,7,adju_MT,2030,Medium
8/14/2024,FR0014002WK3,12/31/2031,8/19/2024,7.378507871,medium,7500,9000,4150,1698,2.44,0,1698,16.7631,2.7,0.824138693,2.273480778,0.426519222,42.65192219,,0.576872873,-0.902019903,-0.436818576,-0.419520255,7.437206367,,2024,8,adju_MT,2031,Benchmark
8/14/2024,FR001400HI98,12/31/2029,8/19/2024,5.379876797,medium,7500,9000,6071,2662,2.28,0,2662,16.7631,2.6,1.006183772,2.060581417,0.539418583,53.94185828,,0.904379027,-0.203844224,0.012808056,-0.019912251,7.886832999,,2024,8,adju_MT,2029,Medium
8/14/2024,FR001400PM68,12/31/2030,8/19/2024,6.379192334,medium,7500,9000,7022,2806,2.5,0,2806,16.7631,2.65,1.005070385,2.060581417,0.589418583,58.94185828,,0.953301108,-0.099552421,0.065490318,-0.010461972,7.939515261,,2024,8,adju_MT,2030,Medium
9/19/2024,FR001400BKZ3,12/31/2032,9/23/2024,8.281998631,medium,10000,12000,6459,2407,2.68,0,2407,15.4193,2.77,0.9442,2.28906405,0.48093595,48.09359497,,0.817746175,-0.388527624,-0.087888505,-0.174034887,7.786136438,,2024,9,adju_MT,2032,Benchmark
9/19/2024,FR001400PM68,12/31/2030,9/23/2024,6.280629706,medium,10000,12000,9125,3567,2.56,0,3567,15.4193,2.62,1.0064,2.039485443,0.580514557,58.05145566,,1.211840717,0.451600786,0.305455242,0.19721422,8.179480185,,2024,9,adju_MT,2030,Medium
10/17/2024,FR001400HI98,12/31/2029,10/21/2024,5.204654346,medium,10000,12000,8886,3640,2.44,1098,4738,18.2664,2.53,1.0089,2.020193209,0.509806791,50.98067906,4.315118397,1.609672363,1.299695931,0.589345442,0.538686368,8.463370385,7.001245622,2024,10,adju_MT,2029,Medium
10/17/2024,FR001400PM68,12/31/2030,10/21/2024,6.203969884,medium,10000,12000,7811,3027,2.58,881,3908,18.2664,2.61,1.0068,2.020193209,0.589806791,58.98067906,4.435868331,1.327690923,0.698569568,0.39675607,0.216971584,8.270781013,6.781057626,2024,10,adju_MT,2030,Medium
11/21/2024,FR0013516549,12/31/2030,11/25/2024,6.108145106,medium,9000,11000,3696,1223,3.02,355,1578,18.952,2.76,0.8493,2.096805995,0.663194005,66.31940047,4.445070423,0.536104472,-0.988929738,-0.510111442,-0.488395969,7.363913501,5.872117789,2024,11,adju_MT,2030,Medium
11/21/2024,FR001400PM68,12/31/2030,11/25/2024,6.108145106,medium,9000,11000,10053,3708,2.71,1116,4824,18.952,2.74,1.0005,2.096805995,0.643194005,64.31940047,4.322580645,1.638889717,1.361981313,0.607333795,0.527468468,8.481358738,7.017506143,2024,11,adju_MT,2030,Medium
1/23/2025,FR001400PM68,12/31/2030,1/27/2025,5.935660507,medium,11000,13000,19952,7674,2.6,0,7674,14.9751,2.84,0.9955,2.302240826,0.537759174,53.77591739,,2.607139238,3.426089907,1.071568328,1.253082795,8.945593271,,2025,1,adju_MT,2030,Medium
2/20/2025,FR001400PM68,12/31/2030,2/24/2025,5.859000684,medium,11500,13500,21732,7498,2.9,2597,10095,17.5164,2.75,1.0001,2.263182326,0.486817674,48.68176743,3.887177513,3.429641727,5.179495839,1.345770588,1.5213862,9.219795531,7.862112212,2025,2,adju_MT,2030,Medium
3/20/2025,FR0014007L00,12/31/2032,3/24/2025,7.783709788,medium,11500,13500,12447,3481,3.58,64,3545,19.004,3.1,0.8032,2.788280607,0.311719393,31.17193927,55.390625,1.20436651,0.435667316,0.299268496,-0.186133272,8.173293439,4.158883083,2025,3,adju_MT,2032,Benchmark
3/20/2025,FR001400H7V7,12/31/2033,3/24/2025,8.783025325,medium,11500,13500,10196,3216,3.17,0,3216,19.004,3.23,0.9836,2.788280607,0.441719393,44.17193927,,1.092593144,0.197389517,0.201868687,-0.269409159,8.07589363,,2025,3,adju_MT,2033,Benchmark
3/20/2025,FR001400PM68,12/31/2030,3/24/2025,5.782340862,medium,11500,13500,11103,3300,3.36,1165,4465,19.004,2.8,0.9976,2.393204188,0.406795813,40.67958125,3.832618026,1.516924251,1.101976055,0.52999955,0.062631391,8.404024493,7.060476366,2025,3,adju_MT,2030,Medium
4/3/2025,FR001400L834,12/31/2033,4/7/2025,8.744695414,medium,10000,12000,10849,2620,4.14,608,3228,25.5394,3.19,1.0228,2.688594212,0.501405788,50.14057882,5.309210526,1.096669985,0.2060805,0.205593086,-0.27249507,8.079618029,6.410174882,2025,4,adju_LT,2033,Benchmark
4/17/2025,FR001400BKZ3,12/31/2032,4/23/2025,7.707049966,medium,10000,12000,14243,3999,3.56,1408,5407,26.1784,2.98,0.9341,2.53019128,0.44980872,44.98087202,3.840198864,1.836956198,1.784218264,0.721424746,0.177888717,8.595449689,7.249925537,2025,4,adju_MT,2032,Benchmark
4/17/2025,FR001400Z2L7,12/31/2031,4/23/2025,6.704996578,medium,10000,12000,13852,4396,3.15,1301,5697,26.1784,2.73,0.9983,2.015371878,0.714628122,71.46281217,4.378939277,1.935479833,1.994250367,0.773670057,0.171117773,8.647694999,7.170888479,2025,4,adju_MT,2031,Medium
5/22/2025,FR0014007L00,12/31/2032,5/26/2025,7.611225188,medium,10500,12500,9320,2455,3.8,867,3322,18.3557,2.91,0.8181,2.697443262,0.212556738,21.25567378,3.83160323,1.128605232,0.274159872,0.234297347,-0.349637001,8.10832229,6.765038977,2025,5,adju_MT,2032,Benchmark
5/22/2025,FR001400Z2L7,12/31/2031,5/26/2025,6.6091718,medium,10500,12500,15421,6102,2.53,2142,8244,18.3557,2.72,0.9989,2.164913574,0.555086426,55.50864256,3.848739496,2.800789143,3.838911626,1.143215999,0.59868134,9.017240942,7.669495251,2025,5,adju_MT,2031,Medium
6/19/2025,FR001400PM68,12/31/2030,6/23/2025,5.533196441,medium,10000,12000,13481,3541,3.81,468,4009,24.949,2.53,1.0097,2.101727632,0.428272368,42.82723679,8.566239316,1.362004327,0.77171868,0.42227217,-0.245080501,8.296297113,6.148468296,2025,6,adju_MT,2030,Medium
6/19/2025,FR001400Z2L7,12/31/2031,6/23/2025,6.532511978,medium,10000,12000,16145,4720,3.42,276,4996,24.949,2.69,1.0005,2.101727632,0.588272368,58.82723679,18.10144928,1.697324425,1.486552077,0.642367928,-0.061754672,8.516392871,5.620400866,2025,6,adju_MT,2031,Medium
7/17/2025,FR0011883966,12/31/2030,7/21/2025,5.456536619,medium,10000,12000,9885,2833,3.49,0,2833,17.4186,2.58,0.9964,2.165110851,0.41488915,41.48891495,,0.962473998,-0.079997708,0.075066557,-0.424352744,7.9490915,,2025,7,adju_MT,2030,Medium
7/17/2025,FR001400Z2L7,12/31/2031,7/21/2025,6.455852156,medium,10000,12000,14169,5213,2.72,0,5213,17.4186,2.74,0.998,2.165110851,0.57488915,57.48891495,,1.771047283,1.64371403,0.684885842,0.154702353,8.558910785,,2025,7,adju_MT,2031,Medium
8/7/2025,FR0013313582,12/31/2034,8/11/2025,9.399041752,medium,8500,10500,11292,4580,2.47,0,4580,18.0797,3.17,0.8546,2.662778655,0.507221345,50.72213448,,1.555993968,1.185264647,0.555429334,0.012341131,8.429454277,,2025,8,adju_LT,2034,Benchmark
8/21/2025,FR0011883966,12/31/2030,8/25/2025,5.360711841,medium,8500,10500,6293,1345,4.68,0,1345,16.7329,2.62,0.9946,2.256948728,0.363051272,36.30512716,,0.456945827,-1.157679669,-0.669875651,-0.690151661,7.204149292,,2025,8,adju_MT,2030,Medium
8/21/2025,FR001400Z2L7,12/31/2031,8/25/2025,6.360027379,medium,8500,10500,11431,4000,2.86,0,4000,16.7329,2.77,0.9962,2.256948728,0.513051272,51.30512716,,1.358946697,0.765200442,0.420024697,-0.092181412,8.29404964,,2025,8,adju_MT,2031,Medium
9/18/2025,FR001400L834,12/31/2033,9/22/2025,8.284736482,medium,9500,11500,8203,2096,3.91,0,2096,15.4147,3.22,1.02,2.74172564,0.47827436,47.827436,,0.712088069,-0.613768948,-0.226238897,-0.504521009,7.647786045,,2025,9,adju_MT,2033,Benchmark
9/18/2025,FR001400Z2L7,12/31/2031,9/22/2025,6.283367556,medium,9500,11500,12562,4428,2.84,0,4428,15.4147,2.79,0.9955,2.251988613,0.538011387,53.80113868,,1.504353994,1.075178856,0.521678351,-0.017346599,8.395703294,,2025,9,adju_MT,2031,Medium
10/16/2025,FR0011883966,12/31/2030,10/20/2025,5.207392197,medium,9500,11500,6281,2403,2.61,0,2403,19.4014,2.48,1.0008,2.145116869,0.334883131,33.48831306,,0.816387228,-0.391424619,-0.089551707,-0.392529862,7.784473236,,2025,10,adju_MT,2030,Medium
10/16/2025,FR0014002WK3,12/31/2031,10/20/2025,6.206707734,medium,9500,11500,5560,1739,3.2,0,1739,19.4014,2.74,0.8478,2.145116869,0.594883131,59.48831306,,0.590802077,-0.872325709,-0.412959429,-0.48208081,7.461065514,,2025,10,adju_MT,2031,Medium
10/16/2025,FR001400Z2L7,12/31/2031,10/20/2025,6.206707734,medium,9500,11500,9250,2650,3.49,0,2650,19.4014,2.63,1.0032,2.145116869,0.484883131,48.48831306,,0.900302187,-0.212535207,0.008289976,-0.240597015,7.882314919,,2025,10,adju_MT,2031,Medium
